time,open,high,low,close,Volume
1527786300,18.39,18.39,18.35,18.35,NaN
1527786360,18.33,18.33,18.33,18.33,NaN
1527786420,18.32,18.33,18.32,18.32,NaN
1527786480,18.33,18.33,18.32,18.33,NaN
1527786540,18.34,18.37,18.34,18.36,NaN
1527786660,18.39,18.39,18.38,18.38,NaN
1527786720,18.39,18.45,18.39,18.44,NaN
1527786780,18.45,18.46,18.45,18.45,NaN
1527786840,18.46,18.49,18.46,18.49,NaN
1527786900,18.51,18.54,18.51,18.53,NaN
1527786960,18.55,18.55,18.52,18.54,NaN
1527787020,18.53,18.59,18.53,18.59,NaN
1527787080,18.58,18.58,18.57,18.57,NaN
1527787140,18.58,18.58,18.54,18.54,NaN
1527787200,18.53,18.54,18.52,18.54,NaN
1527787260,18.53,18.53,18.51,18.51,NaN
1527787380,18.49,18.54,18.49,18.54,NaN
1527787440,18.52,18.56,18.52,18.56,NaN
1527787500,18.55,18.55,18.54,18.54,NaN
1527787560,18.53,18.53,18.52,18.52,NaN
1527787620,18.5,18.5,18.49,18.49,NaN
1527787680,18.48,18.48,18.43,18.45,NaN
1527787740,18.48,18.53,18.48,18.52,NaN
1527787800,18.51,18.51,18.49,18.49,NaN
1527787860,18.51,18.51,18.49,18.49,NaN
1527787920,18.46,18.46,18.46,18.46,NaN
1527787980,18.47,18.47,18.46,18.46,NaN
1527788040,18.48,18.48,18.44,18.44,NaN
1527788100,18.43,18.43,18.43,18.43,NaN
1527788160,18.41,18.41,18.41,18.41,NaN
1527788220,18.44,18.46,18.43,18.46,NaN
1527788280,18.43,18.43,18.43,18.43,NaN
1527788340,18.42,18.43,18.4,18.41,NaN
1527788400,18.4,18.4,18.4,18.4,NaN
1527788520,18.41,18.41,18.4,18.4,NaN
1527788580,18.39,18.41,18.39,18.41,NaN
1527788640,18.4,18.4,18.4,18.4,NaN
1527788700,18.39,18.4,18.39,18.4,NaN
1527788760,18.39,18.39,18.39,18.39,NaN
1527788820,18.4,18.4,18.4,18.4,NaN
1527788880,18.39,18.4,18.39,18.39,NaN
1527788940,18.38,18.39,18.38,18.38,NaN
1527789000,18.39,18.39,18.39,18.39,NaN
1527789060,18.38,18.38,18.38,18.38,NaN
1527789120,18.39,18.4,18.38,18.4,NaN
1527789180,18.41,18.42,18.41,18.41,NaN
1527789240,18.38,18.41,18.38,18.4,NaN
1527789300,18.41,18.41,18.41,18.41,NaN
1527789360,18.4,18.41,18.4,18.41,NaN
1527789420,18.39,18.42,18.39,18.42,NaN
1527789480,18.41,18.41,18.41,18.41,NaN
1527789540,18.43,18.43,18.42,18.42,NaN
1527789600,18.43,18.43,18.43,18.43,NaN
1527789660,18.42,18.43,18.42,18.42,NaN
1527789720,18.41,18.45,18.41,18.45,NaN
1527789780,18.4,18.42,18.4,18.41,NaN
1527789840,18.42,18.42,18.4,18.4,NaN
1527789900,18.42,18.45,18.42,18.45,NaN
1527789960,18.43,18.44,18.43,18.43,NaN
1527790020,18.41,18.44,18.41,18.44,NaN
1527790080,18.47,18.47,18.44,18.44,NaN
1527790140,18.46,18.47,18.45,18.47,NaN
1527790200,18.43,18.45,18.43,18.43,NaN
1527790260,18.44,18.44,18.39,18.39,NaN
1527790320,18.37,18.42,18.37,18.37,NaN
1527790380,18.4,18.4,18.35,18.35,NaN
1527790440,18.45,18.46,18.44,18.46,NaN
1527859860,18.81,18.83,18.79,18.82,NaN
1527859920,18.78,18.78,18.68,18.68,NaN
1527859980,18.6,18.6,18.49,18.49,NaN
1527860040,18.48,18.53,18.48,18.53,NaN
1527860100,18.51,18.51,18.47,18.47,NaN
1527860160,18.45,18.45,18.38,18.38,NaN
1527860220,18.37,18.39,18.37,18.37,NaN
1527860280,18.38,18.38,18.35,18.35,NaN
1527860340,18.37,18.37,18.31,18.37,NaN
1527860400,18.38,18.38,18.34,18.34,NaN
1527860460,18.35,18.37,18.35,18.37,NaN
1527860520,18.35,18.35,18.32,18.32,NaN
1527860580,18.34,18.34,18.33,18.33,NaN
1527860640,18.36,18.36,18.34,18.35,NaN
1527860700,18.34,18.36,18.32,18.36,NaN
1527860760,18.35,18.36,18.35,18.36,NaN
1527860820,18.31,18.34,18.31,18.34,NaN
1527860880,18.33,18.36,18.33,18.34,NaN
1527860940,18.35,18.35,18.35,18.35,NaN
1527861000,18.33,18.34,18.32,18.32,NaN
1527861060,18.31,18.31,18.28,18.28,NaN
1527861120,18.27,18.28,18.27,18.28,NaN
1527861180,18.32,18.32,18.32,18.32,NaN
1527861240,18.34,18.34,18.33,18.33,NaN
1527861300,18.35,18.38,18.33,18.33,NaN
1527861360,18.3,18.3,18.28,18.28,NaN
1527861420,18.3,18.31,18.3,18.31,NaN
1527861480,18.29,18.31,18.27,18.27,NaN
1527861540,18.28,18.28,18.26,18.26,NaN
1527861600,18.24,18.24,18.19,18.21,NaN
1527861660,18.22,18.22,18.21,18.21,NaN
1527861720,18.22,18.23,18.22,18.22,NaN
1527861780,18.24,18.26,18.23,18.24,NaN
1527861840,18.22,18.22,18.22,18.22,NaN
1527861900,18.21,18.21,18.17,18.17,NaN
1527861960,18.16,18.16,18.15,18.15,NaN
1527862020,18.16,18.16,18.13,18.13,NaN
1527862080,18.19,18.19,18.12,18.12,NaN
1527862140,18.11,18.11,18.06,18.06,NaN
1527862200,18.14,18.14,18.12,18.12,NaN
1527862260,18.13,18.13,18.12,18.12,NaN
1527862320,18.13,18.16,18.13,18.16,NaN
1527862380,18.1,18.15,18.1,18.13,NaN
1527862440,18.15,18.15,18.13,18.13,NaN
1527862500,18.15,18.15,18.11,18.11,NaN
1527862560,18.17,18.17,18.14,18.14,NaN
1527862620,18.13,18.15,18.13,18.15,NaN
1527862680,18.14,18.14,18.11,18.11,NaN
1527862740,18.05,18.08,18.05,18.08,NaN
1527862800,18.07,18.07,18.05,18.05,NaN
1527862860,18.04,18.06,18.04,18.04,NaN
1527862920,18.03,18.03,18.02,18.02,NaN
1527862980,18.03,18.03,18.01,18.03,NaN
1527863040,18.05,18.06,18.05,18.06,NaN
1527863100,18.07,18.07,18.07,18.07,NaN
1527863160,18.06,18.06,18.06,18.06,NaN
1527863220,18.05,18.07,18.05,18.07,NaN
1527863280,18.05,18.05,18.02,18.02,NaN
1527863340,18.03,18.03,18.02,18.03,NaN
1527863400,18.01,18.01,18,18,NaN
1527863460,18.03,18.05,18.03,18.05,NaN
1527863520,18.04,18.04,18.03,18.03,NaN
1527863580,18.04,18.04,18.02,18.02,NaN
1527863640,18.01,18.02,18.01,18.02,NaN
1527863700,18.03,18.04,18.02,18.02,NaN
1527863760,18.01,18.01,17.99,17.99,NaN
1527863880,17.98,17.98,17.98,17.98,NaN
1527863940,17.97,17.97,17.95,17.96,NaN
1527864000,17.95,17.96,17.95,17.96,NaN
1527864060,17.95,17.96,17.94,17.95,NaN
1527864120,17.94,17.94,17.93,17.93,NaN
1527864180,17.94,17.94,17.94,17.94,NaN
1527864240,17.93,17.93,17.89,17.89,NaN
1527864300,17.9,17.9,17.88,17.88,NaN
1527864360,17.89,17.89,17.85,17.87,NaN
1527864420,17.86,17.9,17.86,17.9,NaN
1527864480,17.92,17.95,17.92,17.95,NaN
1527864540,17.94,17.94,17.94,17.94,NaN
1527864600,17.95,17.99,17.95,17.99,NaN
1527864660,17.98,18,17.98,18,NaN
1527864720,18.02,18.03,18.02,18.03,NaN
1527864780,18.01,18.01,18,18,NaN
1527864840,18.02,18.02,18,18.02,NaN
1527864900,18,18,17.95,17.97,NaN
1527864960,17.95,17.97,17.95,17.97,NaN
1527865020,17.98,17.98,17.96,17.97,NaN
1527865080,17.96,17.96,17.95,17.95,NaN
1527865200,17.98,17.98,17.96,17.97,NaN
1527865260,17.98,17.98,17.95,17.95,NaN
1527865320,17.96,17.96,17.94,17.94,NaN
1527865440,17.95,17.95,17.94,17.95,NaN
1527865500,17.94,17.95,17.94,17.95,NaN
1527865560,17.94,17.94,17.94,17.94,NaN
1527865620,17.93,17.95,17.93,17.95,NaN
1527865680,17.94,17.95,17.94,17.94,NaN
1527865740,17.93,17.95,17.93,17.95,NaN
1527865800,17.96,17.97,17.96,17.97,NaN
1527865860,17.99,18,17.99,18,NaN
1527865920,17.98,17.98,17.98,17.98,NaN
1527865980,17.95,17.95,17.94,17.94,NaN
1527866100,17.93,17.94,17.93,17.94,NaN
1527866160,17.92,17.93,17.92,17.92,NaN
1527866220,17.93,17.93,17.93,17.93,NaN
1527866280,17.95,17.95,17.94,17.94,NaN
1527866340,17.95,17.95,17.94,17.94,NaN
1527866400,17.93,17.94,17.93,17.94,NaN
1527866460,17.93,17.93,17.93,17.93,NaN
1527866520,17.94,17.95,17.94,17.94,NaN
1527866580,17.95,17.95,17.95,17.95,NaN
1527866640,17.94,17.94,17.92,17.92,NaN
1527866760,17.94,17.94,17.94,17.94,NaN
1527866820,17.93,17.96,17.93,17.96,NaN
1527866880,17.95,17.96,17.95,17.96,NaN
1527866940,17.94,17.95,17.93,17.95,NaN
1527867000,17.93,17.95,17.93,17.94,NaN
1527867060,17.93,17.96,17.93,17.96,NaN
1527867120,17.98,17.98,17.98,17.98,NaN
1527867180,18,18,18,18,NaN
1527867240,18.01,18.01,18,18,NaN
1527867300,18.01,18.01,18,18,NaN
1527867360,18.02,18.05,18.02,18.05,NaN
1527867420,18.04,18.05,18.04,18.05,NaN
1527867480,18.06,18.06,18.06,18.06,NaN
1527867540,18.07,18.08,18.07,18.07,NaN
1527867600,18.09,18.11,18.09,18.11,NaN
1527867660,18.1,18.11,18.1,18.1,NaN
1527867720,18.11,18.13,18.11,18.11,NaN
1527867780,18.1,18.1,18.08,18.08,NaN
1527867840,18.09,18.09,18.09,18.09,NaN
1527867960,18.08,18.09,18.08,18.09,NaN
1527868020,18.08,18.1,18.08,18.09,NaN
1527868080,18.1,18.1,18.09,18.09,NaN
1527868140,18.08,18.09,18.08,18.08,NaN
1527868200,18.09,18.1,18.07,18.07,NaN
1527868260,18.08,18.08,18.05,18.05,NaN
1527868320,18.04,18.05,18.04,18.05,NaN
1527868380,18.04,18.05,18.04,18.05,NaN
1527868440,18.06,18.06,18.04,18.04,NaN
1527868500,18.03,18.05,18.03,18.05,NaN
1527868560,18.04,18.05,18.04,18.05,NaN
1527868680,18.06,18.07,18.05,18.07,NaN
1527868740,18.05,18.05,18.03,18.03,NaN
1527868800,18.02,18.03,18.02,18.03,NaN
1527868860,18.04,18.05,18.04,18.04,NaN
1527868920,18.05,18.07,18.05,18.07,NaN
1527868980,18.08,18.1,18.08,18.1,NaN
1527869040,18.12,18.13,18.12,18.13,NaN
1527869100,18.14,18.14,18.14,18.14,NaN
1527869160,18.15,18.17,18.15,18.17,NaN
1527869220,18.19,18.19,18.15,18.15,NaN
1527869280,18.17,18.19,18.16,18.19,NaN
1527869340,18.2,18.2,18.19,18.19,NaN
1527869400,18.21,18.21,18.18,18.19,NaN
1527869460,18.18,18.18,18.18,18.18,NaN
1527869580,18.19,18.19,18.17,18.17,NaN
1527869700,18.18,18.18,18.17,18.18,NaN
1527869760,18.17,18.18,18.17,18.18,NaN
1527869820,18.19,18.19,18.17,18.17,NaN
1527869880,18.14,18.14,18.12,18.12,NaN
1527869940,18.09,18.09,18.08,18.09,NaN
1527870000,18.08,18.09,18.06,18.07,NaN
1527870060,18.06,18.06,18.04,18.04,NaN
1527870120,18,18.04,18,18.04,NaN
1527870180,18.06,18.06,18.05,18.05,NaN
1527870240,18.06,18.07,18.05,18.05,NaN
1527870300,18.06,18.06,18.02,18.02,NaN
1527870360,18,18.02,18,18.02,NaN
1527870420,18.04,18.04,18.02,18.04,NaN
1527870480,18.03,18.03,18.02,18.02,NaN
1527870600,18.05,18.05,18.04,18.04,NaN
1527870660,18.06,18.06,18.04,18.06,NaN
1527870720,18.08,18.1,18.07,18.07,NaN
1527870780,18.08,18.09,18.06,18.09,NaN
1527870840,18.08,18.09,18.08,18.09,NaN
1527870900,18.08,18.09,18.08,18.08,NaN
1527870960,18.07,18.07,18.06,18.07,NaN
1527871020,18.09,18.09,18.08,18.08,NaN
1527871080,18.09,18.1,18.09,18.1,NaN
1527871140,18.11,18.11,18.08,18.08,NaN
1527871200,18.09,18.1,18.08,18.08,NaN
1527871260,18.09,18.09,18.08,18.08,NaN
1527871320,18.09,18.09,18.09,18.09,NaN
1527871380,18.1,18.1,18.1,18.1,NaN
1527871440,18.09,18.09,18.08,18.08,NaN
1527871500,18.09,18.09,18.09,18.09,NaN
1527871560,18.1,18.1,18.09,18.1,NaN
1527871620,18.04,18.04,18.04,18.04,NaN
1527871680,18.03,18.03,18.03,18.03,NaN
1527871740,18.04,18.04,18.03,18.04,NaN
1527871800,18.02,18.02,18.02,18.02,NaN
1527871860,18.03,18.03,18.02,18.02,NaN
1527871920,18,18,18,18,NaN
1527871980,18.02,18.02,17.99,18,NaN
1527872040,17.99,17.99,17.99,17.99,NaN
1527872100,18,18,17.97,17.97,NaN
1527872160,17.99,17.99,17.98,17.98,NaN
1527872280,18,18.02,18,18.02,NaN
1527872340,18.06,18.06,18.05,18.05,NaN
1527872400,18.04,18.05,18.04,18.05,NaN
1527872520,18.04,18.06,18.04,18.06,NaN
1527872580,18.04,18.04,18.02,18.02,NaN
1527872640,18.03,18.03,18.03,18.03,NaN
1527872700,18.02,18.03,18.01,18.03,NaN
1527872760,18.02,18.03,18.02,18.02,NaN
1527872820,18.01,18.02,18.01,18.02,NaN
1527872880,18.03,18.03,18.03,18.03,NaN
1527872940,18.02,18.04,18.02,18.04,NaN
1527873000,18.05,18.05,18.04,18.04,NaN
1527873060,18.05,18.05,18.03,18.04,NaN
1527873120,18.03,18.03,18.03,18.03,NaN
1527873180,18.02,18.02,18.02,18.02,NaN
1527873240,18.01,18.01,18,18,NaN
1527873300,18.03,18.03,18.01,18.01,NaN
1527873360,18,18,17.98,17.98,NaN
1527873420,17.97,17.97,17.97,17.97,NaN
1527873480,17.98,17.98,17.98,17.98,NaN
1527873600,17.97,17.97,17.97,17.97,NaN
1527873660,17.98,17.98,17.98,17.98,NaN
1527873720,17.97,17.98,17.97,17.98,NaN
1527873780,17.99,17.99,17.98,17.99,NaN
1527873840,17.96,18,17.96,17.97,NaN
1527873900,18.04,18.06,18.03,18.05,NaN
1527873960,18.06,18.08,18.06,18.08,NaN
1527874080,18.07,18.09,18.07,18.08,NaN
1527874140,18.09,18.09,18.09,18.09,NaN
1527874200,18.07,18.08,18.06,18.06,NaN
1527874320,18.08,18.1,18.08,18.1,NaN
1527874380,18.09,18.09,18.08,18.08,NaN
1527874440,18.09,18.09,18.08,18.08,NaN
1527874500,18.09,18.09,18.07,18.07,NaN
1527874560,18.08,18.08,18.06,18.06,NaN
1527874620,18.08,18.08,18.05,18.05,NaN
1527874680,18.06,18.06,18.03,18.03,NaN
1527874800,18.02,18.02,18.01,18.02,NaN
1527874860,18.03,18.03,18.03,18.03,NaN
1527874920,18.01,18.01,18.01,18.01,NaN
1527874980,18.02,18.02,17.98,17.98,NaN
1527875040,18.02,18.02,18.01,18.01,NaN
1527875100,18,18.01,17.99,18.01,NaN
1527875160,18.03,18.03,18.03,18.03,NaN
1527875220,18,18.01,18,18,NaN
1527875280,17.97,17.98,17.97,17.98,NaN
1527875340,17.97,18.01,17.97,18,NaN
1527875400,18.02,18.02,18.02,18.02,NaN
1527875460,18.01,18.01,17.98,17.99,NaN
1527875520,18,18,17.99,17.99,NaN
1527875580,17.98,17.98,17.97,17.97,NaN
1527875640,17.99,17.99,17.92,17.92,NaN
1527875700,17.91,17.95,17.91,17.95,NaN
1527875760,17.93,17.93,17.92,17.92,NaN
1527875820,17.91,17.92,17.91,17.92,NaN
1527875880,17.91,17.94,17.91,17.94,NaN
1527875940,17.96,17.97,17.96,17.96,NaN
1527876000,17.93,17.96,17.93,17.95,NaN
1527876060,17.97,17.97,17.95,17.95,NaN
1527876120,17.96,17.96,17.92,17.92,NaN
1527876180,17.93,17.93,17.93,17.93,NaN
1527876240,17.91,17.91,17.9,17.9,NaN
1527876300,17.91,17.91,17.91,17.91,NaN
1527876360,17.9,17.9,17.88,17.88,NaN
1527876420,17.86,17.86,17.81,17.81,NaN
1527876480,17.86,17.86,17.83,17.83,NaN
1527876540,17.84,17.84,17.79,17.79,NaN
1527876600,17.78,17.78,17.69,17.69,NaN
1527876660,17.68,17.68,17.65,17.65,NaN
1527876720,17.62,17.64,17.62,17.63,NaN
1527876780,17.61,17.63,17.61,17.62,NaN
1527876840,17.65,17.7,17.63,17.7,NaN
1528119060,17.96,17.96,17.95,17.95,NaN
1528119120,17.96,18.06,17.96,18.06,NaN
1528119180,18.07,18.07,18.04,18.04,NaN
1528119240,18.06,18.06,18.02,18.04,NaN
1528119300,18.01,18.14,18.01,18.11,NaN
1528119360,18.14,18.16,18.13,18.16,NaN
1528119420,18.18,18.18,18.16,18.17,NaN
1528119480,18.15,18.18,18.15,18.17,NaN
1528119540,18.2,18.24,18.2,18.24,NaN
1528119600,18.2,18.23,18.2,18.2,NaN
1528119660,18.19,18.19,18.17,18.17,NaN
1528119720,18.18,18.18,18.18,18.18,NaN
1528119780,18.17,18.17,18.15,18.15,NaN
1528119900,18.13,18.13,18.11,18.11,NaN
1528119960,18.1,18.1,18.1,18.1,NaN
1528120020,18.09,18.1,18.09,18.1,NaN
1528120080,18.08,18.08,18.07,18.07,NaN
1528120140,18.08,18.08,18.03,18.03,NaN
1528120200,18.04,18.05,18.04,18.05,NaN
1528120260,18.02,18.04,18.02,18.04,NaN
1528120320,18.06,18.07,18.06,18.06,NaN
1528120380,18.08,18.08,18.05,18.06,NaN
1528120440,18.04,18.07,18.04,18.06,NaN
1528120500,18.07,18.07,18.06,18.06,NaN
1528120560,18.05,18.06,18.05,18.06,NaN
1528120620,18.05,18.06,18.04,18.06,NaN
1528120680,18.07,18.07,18.07,18.07,NaN
1528120740,18.06,18.07,18.06,18.07,NaN
1528120800,18.04,18.07,18.04,18.06,NaN
1528120860,18.05,18.05,18.03,18.03,NaN
1528120920,18.02,18.02,18.01,18.01,NaN
1528120980,18,18,17.85,17.85,NaN
1528121040,17.8,17.8,17.78,17.8,NaN
1528121100,17.78,17.8,17.78,17.8,NaN
1528121160,17.77,17.79,17.77,17.78,NaN
1528121220,17.77,17.78,17.76,17.76,NaN
1528121280,17.75,17.76,17.74,17.74,NaN
1528121340,17.73,17.73,17.73,17.73,NaN
1528121400,17.74,17.75,17.73,17.73,NaN
1528121460,17.72,17.73,17.71,17.73,NaN
1528121520,17.72,17.72,17.7,17.7,NaN
1528121580,17.71,17.74,17.71,17.74,NaN
1528121640,17.71,17.71,17.71,17.71,NaN
1528121700,17.69,17.69,17.68,17.69,NaN
1528121760,17.68,17.73,17.68,17.71,NaN
1528121820,17.67,17.7,17.67,17.7,NaN
1528121880,17.71,17.71,17.71,17.71,NaN
1528121940,17.7,17.7,17.69,17.69,NaN
1528122000,17.7,17.7,17.67,17.68,NaN
1528122060,17.67,17.71,17.67,17.71,NaN
1528122120,17.68,17.68,17.66,17.68,NaN
1528122180,17.65,17.67,17.65,17.66,NaN
1528122240,17.68,17.68,17.67,17.67,NaN
1528122300,17.66,17.66,17.66,17.66,NaN
1528122360,17.68,17.69,17.68,17.69,NaN
1528122420,17.71,17.73,17.71,17.73,NaN
1528122480,17.72,17.77,17.72,17.75,NaN
1528122540,17.76,17.77,17.75,17.75,NaN
1528122600,17.76,17.81,17.76,17.81,NaN
1528122660,17.8,17.81,17.8,17.81,NaN
1528122720,17.82,17.84,17.77,17.77,NaN
1528122780,17.78,17.78,17.72,17.75,NaN
1528122840,17.74,17.75,17.74,17.75,NaN
1528122900,17.79,17.83,17.79,17.8,NaN
1528122960,17.83,17.92,17.83,17.92,NaN
1528123020,17.93,17.94,17.93,17.94,NaN
1528123080,17.95,17.96,17.94,17.96,NaN
1528123140,17.98,18,17.98,18,NaN
1528123200,18.01,18.01,18,18,NaN
1528123260,17.99,17.99,17.97,17.97,NaN
1528123320,17.96,17.98,17.96,17.98,NaN
1528123380,17.97,17.98,17.97,17.98,NaN
1528123440,17.97,17.97,17.97,17.97,NaN
1528123500,18,18,17.99,17.99,NaN
1528123560,17.98,17.98,17.97,17.98,NaN
1528123620,17.97,17.97,17.95,17.95,NaN
1528123680,17.98,17.98,17.97,17.97,NaN
1528123800,17.98,17.98,17.92,17.92,NaN
1528123860,17.93,17.93,17.9,17.9,NaN
1528123920,17.89,17.9,17.89,17.89,NaN
1528123980,17.88,17.88,17.87,17.87,NaN
1528124040,17.88,17.9,17.88,17.9,NaN
1528124100,17.87,17.91,17.87,17.91,NaN
1528124160,17.92,17.92,17.9,17.9,NaN
1528124220,17.89,17.89,17.88,17.88,NaN
1528124280,17.87,17.87,17.87,17.87,NaN
1528124340,17.85,17.85,17.84,17.85,NaN
1528124400,17.83,17.83,17.81,17.81,NaN
1528124460,17.82,17.84,17.82,17.84,NaN
1528124520,17.85,17.87,17.85,17.87,NaN
1528124580,17.86,17.89,17.86,17.89,NaN
1528124640,17.88,17.89,17.88,17.89,NaN
1528124700,17.88,17.89,17.87,17.87,NaN
1528124760,17.82,17.82,17.8,17.82,NaN
1528124820,17.83,17.84,17.83,17.84,NaN
1528124880,17.83,17.85,17.83,17.85,NaN
1528124940,17.84,17.84,17.84,17.84,NaN
1528125000,17.82,17.82,17.82,17.82,NaN
1528125060,17.83,17.95,17.83,17.95,NaN
1528125120,17.92,17.92,17.91,17.91,NaN
1528125180,17.9,17.9,17.9,17.9,NaN
1528125240,17.89,17.89,17.89,17.89,NaN
1528125300,17.88,17.91,17.88,17.91,NaN
1528125360,17.9,17.94,17.9,17.94,NaN
1528125420,17.95,17.95,17.95,17.95,NaN
1528125480,17.97,17.97,17.96,17.96,NaN
1528125540,17.97,17.98,17.97,17.98,NaN
1528125600,18,18.05,18,18.05,NaN
1528125660,18.04,18.05,18.04,18.05,NaN
1528125720,18.04,18.05,18.03,18.03,NaN
1528125780,18.04,18.05,18.02,18.02,NaN
1528125840,18.01,18.01,18.01,18.01,NaN
1528125900,18.02,18.03,18.01,18.03,NaN
1528125960,18.02,18.02,18.02,18.02,NaN
1528126020,18.03,18.03,18.02,18.03,NaN
1528126080,18.04,18.04,18.03,18.04,NaN
1528126140,18.02,18.03,18.02,18.02,NaN
1528126200,18.01,18.04,18.01,18.04,NaN
1528126260,18.03,18.04,18.01,18.01,NaN
1528126320,18,18,17.97,17.98,NaN
1528126380,17.99,17.99,17.97,17.97,NaN
1528126440,18,18,17.97,17.97,NaN
1528126500,18.02,18.02,17.95,17.96,NaN
1528126560,17.98,17.98,17.96,17.96,NaN
1528126620,17.93,17.95,17.93,17.95,NaN
1528126680,17.94,17.94,17.92,17.92,NaN
1528126740,17.91,17.91,17.9,17.9,NaN
1528126800,17.89,17.89,17.86,17.86,NaN
1528126860,17.83,17.83,17.82,17.83,NaN
1528126920,17.81,17.82,17.8,17.8,NaN
1528126980,17.82,17.82,17.8,17.8,NaN
1528127040,17.78,17.78,17.78,17.78,NaN
1528127100,17.77,17.77,17.77,17.77,NaN
1528127160,17.78,17.79,17.77,17.79,NaN
1528127220,17.81,17.82,17.8,17.82,NaN
1528127280,17.81,17.83,17.81,17.82,NaN
1528127340,17.83,17.83,17.82,17.82,NaN
1528127400,17.81,17.81,17.8,17.8,NaN
1528127460,17.81,17.81,17.81,17.81,NaN
1528127520,17.82,17.83,17.8,17.8,NaN
1528127580,17.81,17.83,17.81,17.83,NaN
1528127640,17.86,17.87,17.86,17.87,NaN
1528127700,17.86,17.86,17.86,17.86,NaN
1528127820,17.87,17.87,17.86,17.86,NaN
1528127880,17.85,17.87,17.85,17.87,NaN
1528127940,17.85,17.86,17.85,17.85,NaN
1528128000,17.87,17.87,17.85,17.86,NaN
1528128180,17.87,17.88,17.87,17.88,NaN
1528128240,17.87,17.88,17.87,17.87,NaN
1528128300,17.88,17.88,17.88,17.88,NaN
1528128420,17.87,17.87,17.87,17.87,NaN
1528128480,17.88,17.88,17.88,17.88,NaN
1528128540,17.9,17.92,17.9,17.92,NaN
1528128600,17.9,17.9,17.89,17.89,NaN
1528128660,17.88,17.9,17.88,17.9,NaN
1528128720,17.91,17.91,17.9,17.9,NaN
1528128780,17.89,17.89,17.89,17.89,NaN
1528128840,17.9,17.9,17.9,17.9,NaN
1528128900,17.91,17.91,17.9,17.9,NaN
1528128960,17.89,17.9,17.89,17.89,NaN
1528129020,17.91,17.91,17.89,17.89,NaN
1528129080,17.9,17.9,17.9,17.9,NaN
1528129140,17.91,17.91,17.91,17.91,NaN
1528129200,17.9,17.92,17.9,17.92,NaN
1528129260,17.91,17.91,17.91,17.91,NaN
1528129320,17.92,17.92,17.91,17.91,NaN
1528129380,17.92,17.92,17.9,17.91,NaN
1528129440,17.92,17.93,17.91,17.93,NaN
1528129500,17.92,17.92,17.91,17.92,NaN
1528129560,17.91,17.93,17.91,17.92,NaN
1528129680,17.91,17.92,17.88,17.92,NaN
1528129740,17.94,17.94,17.92,17.93,NaN
1528129800,17.94,17.95,17.93,17.94,NaN
1528129860,17.95,17.97,17.95,17.97,NaN
1528129920,17.98,17.98,17.97,17.97,NaN
1528129980,17.96,17.99,17.96,17.99,NaN
1528130100,18,18,18,18,NaN
1528130160,17.99,18.06,17.99,18.06,NaN
1528130220,18.07,18.07,18.06,18.06,NaN
1528130280,18.05,18.05,18.03,18.03,NaN
1528130340,18.02,18.03,18.02,18.03,NaN
1528130400,18.02,18.04,18.01,18.03,NaN
1528130460,18.02,18.02,18,18,NaN
1528130520,17.99,18.02,17.99,18.01,NaN
1528130580,18,18.01,18,18,NaN
1528130640,17.99,17.99,17.96,17.97,NaN
1528130700,17.96,17.97,17.96,17.96,NaN
1528130760,17.97,17.99,17.97,17.98,NaN
1528130820,17.99,18.02,17.99,18.02,NaN
1528130880,18.01,18.01,18.01,18.01,NaN
1528130940,17.99,17.99,17.99,17.99,NaN
1528131000,18.01,18.02,18,18,NaN
1528131060,17.98,17.99,17.98,17.99,NaN
1528131120,18,18,18,18,NaN
1528131180,17.98,18,17.98,18,NaN
1528131240,17.98,18.01,17.98,18.01,NaN
1528131300,18.03,18.03,18.03,18.03,NaN
1528131360,18.04,18.05,18.02,18.05,NaN
1528131420,18.07,18.07,18.06,18.07,NaN
1528131480,18.08,18.08,18.06,18.06,NaN
1528131540,18.07,18.07,18.05,18.06,NaN
1528131600,18.03,18.05,18.03,18.05,NaN
1528131660,18.04,18.05,18.03,18.05,NaN
1528131720,18.06,18.06,18.03,18.04,NaN
1528131780,18.05,18.05,18.05,18.05,NaN
1528131840,18.06,18.08,18.06,18.07,NaN
1528131900,18.06,18.07,18.06,18.07,NaN
1528131960,18.09,18.12,18.08,18.12,NaN
1528132020,18.13,18.13,18.11,18.11,NaN
1528132080,18.1,18.1,18.09,18.09,NaN
1528132140,18.08,18.08,18.06,18.06,NaN
1528132200,18.05,18.05,18.04,18.04,NaN
1528132320,18.05,18.05,18.05,18.05,NaN
1528132380,18.02,18.02,18,18,NaN
1528132440,18.02,18.02,18.02,18.02,NaN
1528132500,18.03,18.03,18,18,NaN
1528132560,18.01,18.01,17.96,17.96,NaN
1528132620,17.98,17.98,17.94,17.94,NaN
1528132680,17.95,17.95,17.93,17.93,NaN
1528132740,17.92,17.92,17.91,17.91,NaN
1528132800,17.9,17.9,17.9,17.9,NaN
1528132860,17.89,17.89,17.89,17.89,NaN
1528132920,17.92,17.92,17.92,17.92,NaN
1528132980,17.91,17.94,17.91,17.91,NaN
1528133040,17.92,17.92,17.92,17.92,NaN
1528133100,17.94,17.99,17.94,17.99,NaN
1528133160,17.98,17.98,17.98,17.98,NaN
1528133220,17.95,17.97,17.95,17.96,NaN
1528133280,17.98,17.98,17.96,17.96,NaN
1528133340,17.95,17.97,17.95,17.97,NaN
1528133400,17.96,17.97,17.96,17.97,NaN
1528133460,17.96,17.97,17.94,17.95,NaN
1528133520,17.94,17.96,17.94,17.96,NaN
1528133580,17.95,17.96,17.94,17.95,NaN
1528133640,17.92,17.93,17.91,17.93,NaN
1528133700,17.91,17.92,17.91,17.92,NaN
1528133760,17.93,17.93,17.89,17.89,NaN
1528133820,17.88,17.9,17.88,17.9,NaN
1528133880,17.88,17.88,17.87,17.87,NaN
1528133940,17.86,17.86,17.86,17.86,NaN
1528134000,17.87,17.88,17.86,17.86,NaN
1528134120,17.85,17.85,17.85,17.85,NaN
1528134180,17.84,17.84,17.84,17.84,NaN
1528134240,17.83,17.84,17.82,17.83,NaN
1528134300,17.82,17.82,17.79,17.79,NaN
1528134360,17.78,17.78,17.78,17.78,NaN
1528134420,17.77,17.78,17.77,17.78,NaN
1528134540,17.8,17.8,17.79,17.8,NaN
1528134600,17.81,17.83,17.8,17.83,NaN
1528134660,17.81,17.82,17.81,17.82,NaN
1528134720,17.81,17.83,17.81,17.83,NaN
1528134780,17.84,17.84,17.81,17.81,NaN
1528134840,17.83,17.83,17.82,17.83,NaN
1528134900,17.82,17.83,17.81,17.82,NaN
1528134960,17.8,17.81,17.8,17.81,NaN
1528135020,17.8,17.8,17.8,17.8,NaN
1528135080,17.81,17.81,17.81,17.81,NaN
1528135140,17.83,17.83,17.83,17.83,NaN
1528135200,17.81,17.81,17.77,17.79,NaN
1528135260,17.78,17.78,17.77,17.78,NaN
1528135320,17.76,17.79,17.76,17.79,NaN
1528135380,17.8,17.8,17.79,17.79,NaN
1528135440,17.81,17.81,17.81,17.81,NaN
1528135500,17.83,17.84,17.83,17.83,NaN
1528135560,17.84,17.86,17.84,17.86,NaN
1528135620,17.85,17.85,17.84,17.84,NaN
1528135680,17.86,17.86,17.83,17.86,NaN
1528135740,17.87,17.88,17.85,17.85,NaN
1528135800,17.84,17.84,17.84,17.84,NaN
1528135860,17.85,17.85,17.81,17.81,NaN
1528135920,17.83,17.85,17.83,17.85,NaN
1528135980,17.86,17.88,17.86,17.87,NaN
1528136040,17.86,17.86,17.85,17.85,NaN
1528205460,17.72,17.72,17.64,17.64,NaN
1528205520,17.63,17.63,17.62,17.62,NaN
1528205580,17.63,17.64,17.63,17.63,NaN
1528205640,17.64,17.64,17.62,17.63,NaN
1528205700,17.64,17.65,17.63,17.65,NaN
1528205760,17.66,17.66,17.65,17.65,NaN
1528205820,17.66,17.68,17.65,17.68,NaN
1528205880,17.74,17.74,17.67,17.69,NaN
1528205940,17.65,17.69,17.65,17.67,NaN
1528206000,17.66,17.66,17.63,17.64,NaN
1528206060,17.65,17.67,17.65,17.66,NaN
1528206120,17.67,17.67,17.67,17.67,NaN
1528206240,17.66,17.67,17.66,17.67,NaN
1528206300,17.66,17.66,17.65,17.66,NaN
1528206360,17.67,17.68,17.66,17.68,NaN
1528206420,17.67,17.69,17.67,17.69,NaN
1528206480,17.7,17.73,17.7,17.73,NaN
1528206540,17.72,17.72,17.71,17.71,NaN
1528206600,17.7,17.73,17.7,17.73,NaN
1528206660,17.74,17.76,17.74,17.76,NaN
1528206720,17.79,17.79,17.77,17.77,NaN
1528206780,17.78,17.78,17.77,17.77,NaN
1528206840,17.78,17.81,17.78,17.81,NaN
1528206900,17.82,17.83,17.81,17.83,NaN
1528206960,17.81,17.82,17.81,17.82,NaN
1528207020,17.83,17.83,17.83,17.83,NaN
1528207080,17.82,17.84,17.82,17.84,NaN
1528207140,17.85,17.85,17.82,17.82,NaN
1528207200,17.83,17.83,17.81,17.82,NaN
1528207260,17.81,17.81,17.8,17.8,NaN
1528207320,17.81,17.81,17.79,17.79,NaN
1528207380,17.78,17.78,17.78,17.78,NaN
1528207440,17.81,17.82,17.81,17.82,NaN
1528207500,17.84,17.84,17.81,17.82,NaN
1528207560,17.83,17.83,17.8,17.8,NaN
1528207620,17.82,17.82,17.8,17.8,NaN
1528207680,17.79,17.8,17.79,17.79,NaN
1528207740,17.8,17.8,17.79,17.79,NaN
1528207800,17.78,17.81,17.78,17.79,NaN
1528207860,17.8,17.8,17.8,17.8,NaN
1528207920,17.78,17.8,17.78,17.8,NaN
1528208040,17.81,17.81,17.8,17.81,NaN
1528208100,17.82,17.84,17.82,17.84,NaN
1528208160,17.85,17.87,17.85,17.87,NaN
1528208220,17.9,17.95,17.9,17.95,NaN
1528208280,17.96,17.97,17.96,17.96,NaN
1528208340,17.97,17.97,17.96,17.96,NaN
1528208460,17.97,18,17.97,18,NaN
1528208520,17.98,18.02,17.98,18.01,NaN
1528208580,18.02,18.02,18,18,NaN
1528208640,18.05,18.05,18.04,18.04,NaN
1528208700,18.03,18.05,18.03,18.05,NaN
1528208760,18.04,18.09,18.04,18.09,NaN
1528208820,18.11,18.13,18.11,18.13,NaN
1528208880,18.1,18.13,18.1,18.13,NaN
1528208940,18.14,18.14,18.12,18.12,NaN
1528209000,18.13,18.14,18.12,18.14,NaN
1528209060,18.15,18.15,18.14,18.14,NaN
1528209120,18.16,18.16,18.15,18.16,NaN
1528209180,18.15,18.16,18.15,18.16,NaN
1528209240,18.17,18.17,18.15,18.15,NaN
1528209300,18.17,18.17,18.15,18.15,NaN
1528209360,18.16,18.16,18.13,18.14,NaN
1528209420,18.15,18.15,18.14,18.14,NaN
1528209480,18.16,18.17,18.16,18.17,NaN
1528209540,18.19,18.21,18.19,18.21,NaN
1528209600,18.24,18.24,18.22,18.22,NaN
1528209660,18.23,18.23,18.22,18.22,NaN
1528209720,18.23,18.24,18.22,18.22,NaN
1528209780,18.21,18.24,18.21,18.24,NaN
1528209840,18.23,18.23,18.22,18.23,NaN
1528209900,18.22,18.23,18.22,18.23,NaN
1528209960,18.22,18.23,18.22,18.22,NaN
1528210020,18.21,18.23,18.21,18.23,NaN
1528210080,18.22,18.26,18.22,18.26,NaN
1528210140,18.27,18.28,18.27,18.28,NaN
1528210200,18.27,18.29,18.27,18.29,NaN
1528210260,18.27,18.29,18.27,18.29,NaN
1528210380,18.28,18.29,18.28,18.29,NaN
1528210440,18.3,18.3,18.29,18.3,NaN
1528210500,18.29,18.31,18.29,18.31,NaN
1528210560,18.29,18.31,18.29,18.3,NaN
1528210620,18.32,18.34,18.32,18.34,NaN
1528210680,18.33,18.34,18.31,18.31,NaN
1528210740,18.29,18.29,18.22,18.22,NaN
1528210800,18.21,18.21,18.19,18.2,NaN
1528210860,18.21,18.21,18.19,18.19,NaN
1528210920,18.18,18.19,18.18,18.18,NaN
1528210980,18.19,18.19,18.18,18.18,NaN
1528211040,18.16,18.17,18.12,18.12,NaN
1528211100,18.13,18.13,18.11,18.11,NaN
1528211160,18.08,18.09,18.08,18.09,NaN
1528211220,18.08,18.09,18.06,18.06,NaN
1528211280,18.05,18.07,18.02,18.02,NaN
1528211340,18.03,18.03,18.01,18.01,NaN
1528211400,18,18,17.95,17.95,NaN
1528211460,17.97,17.97,17.96,17.97,NaN
1528211520,17.96,17.96,17.93,17.93,NaN
1528211580,17.92,17.95,17.92,17.95,NaN
1528211640,17.94,17.94,17.93,17.93,NaN
1528211700,17.94,17.95,17.94,17.95,NaN
1528211760,17.98,17.98,17.98,17.98,NaN
1528211820,18.01,18.01,18,18.01,NaN
1528211880,18,18,17.98,17.99,NaN
1528211940,18.03,18.07,18.03,18.07,NaN
1528212000,18.03,18.12,18.03,18.12,NaN
1528212060,18.13,18.19,18.11,18.11,NaN
1528212120,18.13,18.13,18.12,18.12,NaN
1528212180,18.14,18.18,18.14,18.15,NaN
1528212240,18.16,18.17,18.16,18.17,NaN
1528212300,18.18,18.23,18.17,18.23,NaN
1528212360,18.21,18.23,18.21,18.22,NaN
1528212420,18.21,18.22,18.19,18.19,NaN
1528212480,18.17,18.2,18.17,18.2,NaN
1528212540,18.19,18.2,18.18,18.18,NaN
1528212600,18.17,18.18,18.17,18.18,NaN
1528212660,18.17,18.19,18.17,18.17,NaN
1528212720,18.15,18.16,18.15,18.15,NaN
1528212840,18.13,18.13,18.11,18.12,NaN
1528212900,18.11,18.11,18.11,18.11,NaN
1528212960,18.13,18.16,18.12,18.14,NaN
1528213020,18.12,18.13,18.12,18.12,NaN
1528213080,18.11,18.12,18.11,18.11,NaN
1528213140,18.13,18.13,18.1,18.1,NaN
1528213200,18.09,18.09,18.09,18.09,NaN
1528213260,18.1,18.11,18.09,18.11,NaN
1528213320,18.1,18.11,18.1,18.1,NaN
1528213380,18.09,18.09,18.09,18.09,NaN
1528213440,18.11,18.12,18.1,18.1,NaN
1528213500,18.11,18.11,18.1,18.1,NaN
1528213560,18.11,18.11,18.09,18.09,NaN
1528213620,18.08,18.09,18.06,18.06,NaN
1528213680,18.08,18.1,18.07,18.07,NaN
1528213740,18.08,18.08,18.04,18.04,NaN
1528213800,18.05,18.05,18.04,18.04,NaN
1528213860,18.03,18.03,18.01,18.01,NaN
1528213920,18.03,18.03,18.02,18.02,NaN
1528214040,18.03,18.03,17.99,17.99,NaN
1528214160,17.97,17.98,17.97,17.98,NaN
1528214220,17.99,17.99,17.99,17.99,NaN
1528214280,17.97,17.98,17.97,17.98,NaN
1528214340,18,18.01,17.99,17.99,NaN
1528214400,18,18,18,18,NaN
1528214460,17.99,18,17.99,18,NaN
1528214520,18.01,18.01,17.98,17.98,NaN
1528214580,17.97,17.98,17.95,17.97,NaN
1528214640,17.98,17.98,17.97,17.97,NaN
1528214700,17.96,17.96,17.95,17.95,NaN
1528214760,17.98,17.99,17.98,17.99,NaN
1528214820,17.98,17.99,17.98,17.99,NaN
1528214880,17.98,17.98,17.98,17.98,NaN
1528214940,17.99,17.99,17.97,17.97,NaN
1528215000,17.96,17.96,17.96,17.96,NaN
1528215060,17.92,17.93,17.92,17.92,NaN
1528215120,17.93,17.93,17.86,17.86,NaN
1528215180,17.85,17.85,17.84,17.84,NaN
1528215300,17.83,17.83,17.83,17.83,NaN
1528215360,17.81,17.81,17.78,17.78,NaN
1528215480,17.8,17.81,17.8,17.81,NaN
1528215540,17.78,17.78,17.76,17.78,NaN
1528215600,17.79,17.8,17.78,17.78,NaN
1528215660,17.77,17.77,17.76,17.76,NaN
1528215720,17.75,17.75,17.74,17.75,NaN
1528215780,17.74,17.75,17.74,17.75,NaN
1528215840,17.76,17.76,17.75,17.76,NaN
1528215900,17.73,17.73,17.71,17.73,NaN
1528215960,17.7,17.73,17.7,17.73,NaN
1528216020,17.75,17.76,17.75,17.76,NaN
1528216080,17.77,17.77,17.75,17.75,NaN
1528216140,17.72,17.75,17.72,17.75,NaN
1528216200,17.77,17.81,17.77,17.81,NaN
1528216260,17.8,17.84,17.8,17.84,NaN
1528216380,17.83,17.84,17.83,17.84,NaN
1528216500,17.83,17.84,17.83,17.84,NaN
1528216560,17.83,17.86,17.83,17.85,NaN
1528216620,17.84,17.84,17.84,17.84,NaN
1528216680,17.85,17.85,17.84,17.84,NaN
1528216740,17.83,17.83,17.83,17.83,NaN
1528216800,17.84,17.86,17.83,17.84,NaN
1528216860,17.88,17.88,17.87,17.87,NaN
1528216920,17.85,17.85,17.83,17.83,NaN
1528216980,17.84,17.84,17.84,17.84,NaN
1528217040,17.83,17.83,17.83,17.83,NaN
1528217100,17.8,17.8,17.78,17.78,NaN
1528217160,17.76,17.79,17.76,17.79,NaN
1528217220,17.76,17.76,17.76,17.76,NaN
1528217280,17.77,17.81,17.77,17.81,NaN
1528217340,17.8,17.8,17.8,17.8,NaN
1528217400,17.81,17.82,17.8,17.82,NaN
1528217460,17.81,17.82,17.8,17.8,NaN
1528217520,17.81,17.82,17.81,17.82,NaN
1528217580,17.81,17.83,17.81,17.83,NaN
1528217640,17.82,17.82,17.82,17.82,NaN
1528217700,17.81,17.82,17.81,17.82,NaN
1528217820,17.83,17.83,17.83,17.83,NaN
1528217880,17.82,17.83,17.82,17.82,NaN
1528218000,17.83,17.83,17.83,17.83,NaN
1528218060,17.82,17.82,17.81,17.81,NaN
1528218120,17.82,17.83,17.82,17.82,NaN
1528218180,17.81,17.81,17.81,17.81,NaN
1528218240,17.82,17.84,17.82,17.84,NaN
1528218300,17.82,17.83,17.82,17.83,NaN
1528218360,17.82,17.82,17.82,17.82,NaN
1528218420,17.83,17.83,17.83,17.83,NaN
1528218480,17.82,17.83,17.81,17.81,NaN
1528218540,17.82,17.82,17.8,17.8,NaN
1528218600,17.83,17.83,17.81,17.81,NaN
1528218660,17.8,17.8,17.8,17.8,NaN
1528218720,17.82,17.82,17.8,17.8,NaN
1528218780,17.81,17.81,17.8,17.8,NaN
1528218840,17.81,17.81,17.8,17.8,NaN
1528218900,17.81,17.81,17.79,17.79,NaN
1528218960,17.8,17.81,17.79,17.81,NaN
1528219020,17.8,17.8,17.8,17.8,NaN
1528219080,17.81,17.81,17.8,17.8,NaN
1528219140,17.79,17.79,17.79,17.79,NaN
1528219200,17.78,17.8,17.78,17.8,NaN
1528219260,17.79,17.79,17.79,17.79,NaN
1528219320,17.8,17.8,17.78,17.78,NaN
1528219380,17.79,17.8,17.79,17.79,NaN
1528219500,17.81,17.83,17.81,17.83,NaN
1528219560,17.82,17.82,17.82,17.82,NaN
1528219620,17.81,17.81,17.81,17.81,NaN
1528219740,17.8,17.83,17.8,17.83,NaN
1528219800,17.82,17.83,17.82,17.82,NaN
1528219860,17.81,17.82,17.79,17.82,NaN
1528219920,17.84,17.84,17.82,17.82,NaN
1528219980,17.81,17.82,17.81,17.82,NaN
1528220040,17.81,17.84,17.8,17.84,NaN
1528220100,17.83,17.83,17.81,17.82,NaN
1528220160,17.81,17.83,17.81,17.82,NaN
1528220220,17.84,17.86,17.84,17.86,NaN
1528220280,17.87,17.88,17.86,17.88,NaN
1528220340,17.87,17.87,17.87,17.87,NaN
1528220400,17.88,17.88,17.88,17.88,NaN
1528220460,17.89,17.9,17.89,17.9,NaN
1528220520,17.92,17.92,17.9,17.91,NaN
1528220580,17.9,17.94,17.9,17.94,NaN
1528220640,17.95,17.95,17.95,17.95,NaN
1528220700,17.94,17.95,17.94,17.94,NaN
1528220760,17.96,17.96,17.93,17.96,NaN
1528220820,17.93,17.94,17.93,17.94,NaN
1528220880,17.93,17.93,17.93,17.93,NaN
1528220940,17.92,17.93,17.9,17.9,NaN
1528221000,17.91,17.91,17.9,17.91,NaN
1528221060,17.92,17.92,17.88,17.88,NaN
1528221120,17.9,17.9,17.88,17.89,NaN
1528221180,17.88,17.9,17.88,17.89,NaN
1528221240,17.9,17.91,17.89,17.89,NaN
1528221360,17.88,17.88,17.88,17.88,NaN
1528221420,17.89,17.89,17.88,17.89,NaN
1528221480,17.88,17.9,17.88,17.9,NaN
1528221540,17.91,17.91,17.89,17.9,NaN
1528221600,17.91,17.92,17.9,17.92,NaN
1528221720,17.91,17.91,17.9,17.9,NaN
1528221780,17.91,17.91,17.9,17.9,NaN
1528221840,17.92,17.92,17.91,17.92,NaN
1528221900,17.93,17.94,17.93,17.94,NaN
1528221960,17.95,17.96,17.95,17.95,NaN
1528222020,17.97,17.99,17.97,17.97,NaN
1528222080,17.94,17.95,17.93,17.95,NaN
1528222140,17.93,17.95,17.93,17.94,NaN
1528222200,17.91,17.91,17.87,17.87,NaN
1528222260,17.86,17.86,17.85,17.86,NaN
1528222320,17.87,17.87,17.85,17.85,NaN
1528222380,17.83,17.85,17.83,17.85,NaN
1528222440,17.87,17.87,17.85,17.86,NaN
1528291860,17.78,17.78,17.73,17.73,NaN
1528291920,17.72,17.73,17.7,17.73,NaN
1528291980,17.7,17.7,17.67,17.69,NaN
1528292040,17.72,17.74,17.71,17.71,NaN
1528292100,17.72,17.73,17.71,17.71,NaN
1528292160,17.72,17.72,17.69,17.7,NaN
1528292220,17.72,17.75,17.72,17.72,NaN
1528292280,17.75,17.75,17.73,17.73,NaN
1528292340,17.72,17.72,17.71,17.72,NaN
1528292400,17.71,17.71,17.66,17.67,NaN
1528292460,17.68,17.68,17.67,17.67,NaN
1528292520,17.69,17.69,17.69,17.69,NaN
1528292580,17.67,17.67,17.64,17.64,NaN
1528292640,17.65,17.65,17.64,17.64,NaN
1528292700,17.63,17.64,17.63,17.64,NaN
1528292760,17.65,17.65,17.63,17.63,NaN
1528292820,17.62,17.62,17.62,17.62,NaN
1528292880,17.64,17.64,17.64,17.64,NaN
1528292940,17.62,17.62,17.61,17.62,NaN
1528293000,17.61,17.61,17.6,17.6,NaN
1528293060,17.61,17.62,17.6,17.62,NaN
1528293120,17.61,17.61,17.6,17.6,NaN
1528293180,17.61,17.66,17.61,17.66,NaN
1528293240,17.67,17.67,17.67,17.67,NaN
1528293300,17.66,17.66,17.64,17.64,NaN
1528293360,17.66,17.66,17.66,17.66,NaN
1528293420,17.67,17.68,17.66,17.66,NaN
1528293480,17.67,17.7,17.67,17.7,NaN
1528293540,17.69,17.71,17.69,17.69,NaN
1528293600,17.7,17.7,17.68,17.68,NaN
1528293660,17.67,17.69,17.67,17.69,NaN
1528293720,17.68,17.69,17.68,17.69,NaN
1528293780,17.66,17.67,17.66,17.67,NaN
1528293840,17.65,17.66,17.65,17.66,NaN
1528293900,17.67,17.7,17.67,17.69,NaN
1528293960,17.7,17.7,17.69,17.7,NaN
1528294020,17.72,17.75,17.72,17.75,NaN
1528294080,17.77,17.86,17.77,17.86,NaN
1528294140,17.92,17.98,17.92,17.98,NaN
1528294200,17.96,17.98,17.96,17.97,NaN
1528294260,17.99,18,17.97,17.97,NaN
1528294320,17.98,17.99,17.96,17.99,NaN
1528294380,17.98,17.98,17.96,17.96,NaN
1528294440,17.98,17.98,17.95,17.95,NaN
1528294500,17.97,17.99,17.97,17.99,NaN
1528294560,17.97,17.99,17.97,17.99,NaN
1528294620,17.98,17.98,17.95,17.96,NaN
1528294680,17.95,17.95,17.94,17.94,NaN
1528294740,17.93,17.93,17.86,17.86,NaN
1528294800,17.87,17.87,17.86,17.87,NaN
1528294860,17.88,17.88,17.87,17.87,NaN
1528294920,17.86,17.87,17.86,17.87,NaN
1528294980,17.85,17.85,17.84,17.85,NaN
1528295040,17.84,17.84,17.82,17.82,NaN
1528295100,17.81,17.81,17.79,17.8,NaN
1528295160,17.81,17.81,17.79,17.79,NaN
1528295220,17.8,17.8,17.79,17.79,NaN
1528295280,17.81,17.81,17.79,17.8,NaN
1528295340,17.79,17.79,17.79,17.79,NaN
1528295400,17.77,17.79,17.77,17.78,NaN
1528295460,17.77,17.77,17.75,17.75,NaN
1528295520,17.73,17.74,17.73,17.73,NaN
1528295580,17.72,17.72,17.71,17.71,NaN
1528295640,17.67,17.67,17.64,17.64,NaN
1528295700,17.61,17.63,17.61,17.62,NaN
1528295760,17.61,17.61,17.6,17.6,NaN
1528295820,17.61,17.61,17.61,17.61,NaN
1528295880,17.62,17.62,17.61,17.61,NaN
1528295940,17.62,17.62,17.6,17.6,NaN
1528296060,17.58,17.59,17.57,17.57,NaN
1528296120,17.55,17.55,17.55,17.55,NaN
1528296180,17.56,17.56,17.55,17.55,NaN
1528296240,17.56,17.56,17.56,17.56,NaN
1528296300,17.53,17.56,17.53,17.55,NaN
1528296360,17.56,17.56,17.56,17.56,NaN
1528296420,17.54,17.54,17.53,17.54,NaN
1528296480,17.53,17.54,17.53,17.54,NaN
1528296540,17.53,17.53,17.52,17.52,NaN
1528296600,17.51,17.51,17.51,17.51,NaN
1528296660,17.5,17.5,17.5,17.5,NaN
1528296720,17.49,17.51,17.48,17.48,NaN
1528296780,17.49,17.49,17.48,17.49,NaN
1528296840,17.5,17.5,17.5,17.5,NaN
1528296900,17.48,17.49,17.48,17.49,NaN
1528296960,17.48,17.48,17.47,17.47,NaN
1528297020,17.48,17.5,17.48,17.49,NaN
1528297140,17.48,17.48,17.48,17.48,NaN
1528297200,17.49,17.49,17.48,17.48,NaN
1528297320,17.47,17.47,17.47,17.47,NaN
1528297440,17.46,17.46,17.46,17.46,NaN
1528297500,17.47,17.47,17.46,17.47,NaN
1528297560,17.46,17.47,17.46,17.47,NaN
1528297620,17.46,17.48,17.46,17.48,NaN
1528297680,17.47,17.47,17.47,17.47,NaN
1528297740,17.48,17.48,17.48,17.48,NaN
1528297800,17.47,17.47,17.46,17.47,NaN
1528297860,17.46,17.46,17.45,17.45,NaN
1528297920,17.46,17.46,17.45,17.45,NaN
1528298040,17.46,17.46,17.45,17.45,NaN
1528298100,17.46,17.46,17.45,17.45,NaN
1528298160,17.44,17.44,17.44,17.44,NaN
1528298280,17.45,17.45,17.44,17.44,NaN
1528298340,17.45,17.45,17.44,17.45,NaN
1528298400,17.44,17.45,17.44,17.45,NaN
1528298460,17.44,17.45,17.44,17.44,NaN
1528298520,17.43,17.43,17.42,17.42,NaN
1528298580,17.41,17.42,17.41,17.42,NaN
1528298640,17.41,17.41,17.41,17.41,NaN
1528298700,17.39,17.4,17.38,17.38,NaN
1528298820,17.34,17.34,17.32,17.32,NaN
1528298880,17.33,17.35,17.33,17.35,NaN
1528298940,17.34,17.34,17.32,17.32,NaN
1528299000,17.33,17.33,17.33,17.33,NaN
1528299060,17.32,17.33,17.32,17.33,NaN
1528299120,17.32,17.32,17.32,17.32,NaN
1528299180,17.3,17.32,17.3,17.32,NaN
1528299240,17.33,17.33,17.33,17.33,NaN
1528299300,17.32,17.33,17.32,17.33,NaN
1528299360,17.32,17.32,17.32,17.32,NaN
1528299420,17.33,17.33,17.32,17.32,NaN
1528299480,17.33,17.33,17.33,17.33,NaN
1528299540,17.32,17.34,17.32,17.34,NaN
1528299600,17.35,17.35,17.35,17.35,NaN
1528299660,17.34,17.35,17.34,17.35,NaN
1528299720,17.34,17.34,17.33,17.33,NaN
1528299780,17.34,17.34,17.33,17.33,NaN
1528299900,17.34,17.34,17.33,17.33,NaN
1528299960,17.34,17.34,17.33,17.33,NaN
1528300020,17.34,17.34,17.34,17.34,NaN
1528300080,17.33,17.35,17.33,17.33,NaN
1528300140,17.34,17.34,17.33,17.33,NaN
1528300200,17.32,17.32,17.3,17.3,NaN
1528300260,17.29,17.29,17.29,17.29,NaN
1528300320,17.28,17.28,17.27,17.28,NaN
1528300380,17.27,17.27,17.27,17.27,NaN
1528300440,17.28,17.29,17.28,17.28,NaN
1528300500,17.27,17.27,17.25,17.26,NaN
1528300560,17.24,17.25,17.24,17.25,NaN
1528300620,17.23,17.23,17.22,17.22,NaN
1528300680,17.23,17.24,17.23,17.24,NaN
1528300740,17.25,17.25,17.24,17.24,NaN
1528300800,17.23,17.24,17.21,17.21,NaN
1528300860,17.22,17.22,17.19,17.19,NaN
1528300920,17.18,17.2,17.18,17.2,NaN
1528300980,17.19,17.19,17.19,17.19,NaN
1528301040,17.21,17.22,17.21,17.22,NaN
1528301100,17.21,17.22,17.21,17.22,NaN
1528301160,17.21,17.21,17.21,17.21,NaN
1528301280,17.2,17.21,17.2,17.21,NaN
1528301340,17.22,17.22,17.22,17.22,NaN
1528301400,17.2,17.21,17.2,17.21,NaN
1528301460,17.22,17.23,17.22,17.23,NaN
1528301520,17.24,17.24,17.23,17.23,NaN
1528301580,17.26,17.27,17.26,17.26,NaN
1528301640,17.28,17.33,17.28,17.33,NaN
1528301700,17.32,17.32,17.31,17.31,NaN
1528301760,17.3,17.3,17.27,17.27,NaN
1528301820,17.28,17.28,17.28,17.28,NaN
1528301880,17.27,17.27,17.27,17.27,NaN
1528301940,17.28,17.28,17.28,17.28,NaN
1528302000,17.3,17.3,17.29,17.3,NaN
1528302060,17.27,17.27,17.26,17.27,NaN
1528302120,17.26,17.27,17.26,17.27,NaN
1528302180,17.28,17.28,17.28,17.28,NaN
1528302240,17.27,17.27,17.27,17.27,NaN
1528302300,17.26,17.28,17.26,17.28,NaN
1528302360,17.27,17.28,17.27,17.27,NaN
1528302420,17.28,17.28,17.27,17.27,NaN
1528302540,17.28,17.28,17.27,17.27,NaN
1528302660,17.26,17.28,17.26,17.28,NaN
1528302780,17.26,17.27,17.26,17.27,NaN
1528302840,17.29,17.29,17.29,17.29,NaN
1528302960,17.3,17.3,17.29,17.29,NaN
1528303020,17.3,17.3,17.29,17.3,NaN
1528303080,17.31,17.31,17.3,17.3,NaN
1528303140,17.31,17.31,17.31,17.31,NaN
1528303380,17.3,17.32,17.3,17.32,NaN
1528303440,17.34,17.35,17.34,17.35,NaN
1528303500,17.34,17.35,17.34,17.35,NaN
1528303620,17.34,17.36,17.34,17.36,NaN
1528303680,17.35,17.35,17.34,17.34,NaN
1528303800,17.35,17.36,17.33,17.36,NaN
1528303860,17.35,17.35,17.35,17.35,NaN
1528303920,17.36,17.37,17.36,17.37,NaN
1528304100,17.36,17.37,17.36,17.37,NaN
1528304160,17.38,17.39,17.38,17.39,NaN
1528304220,17.38,17.42,17.38,17.42,NaN
1528304280,17.43,17.46,17.43,17.45,NaN
1528304400,17.46,17.47,17.45,17.46,NaN
1528304460,17.45,17.46,17.45,17.46,NaN
1528304520,17.45,17.5,17.45,17.5,NaN
1528304580,17.51,17.51,17.48,17.48,NaN
1528304640,17.49,17.49,17.48,17.48,NaN
1528304700,17.47,17.47,17.47,17.47,NaN
1528304760,17.46,17.47,17.46,17.47,NaN
1528304820,17.48,17.48,17.47,17.48,NaN
1528304880,17.49,17.49,17.48,17.48,NaN
1528304940,17.5,17.51,17.5,17.5,NaN
1528305000,17.49,17.53,17.49,17.53,NaN
1528305060,17.52,17.53,17.52,17.52,NaN
1528305120,17.51,17.52,17.51,17.52,NaN
1528305180,17.51,17.52,17.51,17.52,NaN
1528305240,17.51,17.52,17.51,17.51,NaN
1528305300,17.52,17.53,17.52,17.52,NaN
1528305360,17.54,17.54,17.53,17.54,NaN
1528305420,17.55,17.59,17.55,17.58,NaN
1528305480,17.59,17.6,17.59,17.59,NaN
1528305540,17.6,17.61,17.58,17.58,NaN
1528305600,17.59,17.6,17.59,17.6,NaN
1528305660,17.58,17.58,17.58,17.58,NaN
1528305720,17.59,17.59,17.57,17.59,NaN
1528305780,17.58,17.58,17.57,17.58,NaN
1528305840,17.57,17.6,17.57,17.6,NaN
1528305900,17.61,17.63,17.61,17.63,NaN
1528305960,17.64,17.64,17.63,17.64,NaN
1528306080,17.65,17.66,17.64,17.66,NaN
1528306140,17.65,17.66,17.65,17.65,NaN
1528306200,17.66,17.66,17.66,17.66,NaN
1528306260,17.65,17.66,17.65,17.65,NaN
1528306320,17.66,17.66,17.64,17.64,NaN
1528306380,17.63,17.64,17.62,17.62,NaN
1528306440,17.61,17.62,17.6,17.6,NaN
1528306500,17.63,17.63,17.61,17.61,NaN
1528306560,17.6,17.61,17.6,17.61,NaN
1528306620,17.6,17.61,17.6,17.61,NaN
1528306680,17.6,17.6,17.6,17.6,NaN
1528306740,17.62,17.62,17.61,17.61,NaN
1528306800,17.62,17.62,17.62,17.62,NaN
1528306860,17.61,17.62,17.61,17.62,NaN
1528306920,17.61,17.61,17.61,17.61,NaN
1528306980,17.62,17.62,17.62,17.62,NaN
1528307040,17.61,17.62,17.61,17.62,NaN
1528307100,17.63,17.63,17.61,17.61,NaN
1528307160,17.62,17.62,17.62,17.62,NaN
1528307220,17.63,17.63,17.63,17.63,NaN
1528307340,17.62,17.62,17.62,17.62,NaN
1528307460,17.63,17.63,17.63,17.63,NaN
1528307580,17.64,17.66,17.64,17.66,NaN
1528307640,17.67,17.67,17.67,17.67,NaN
1528307700,17.65,17.67,17.65,17.67,NaN
1528307760,17.66,17.67,17.66,17.67,NaN
1528307820,17.68,17.68,17.68,17.68,NaN
1528307880,17.67,17.69,17.67,17.69,NaN
1528307940,17.7,17.7,17.7,17.7,NaN
1528308000,17.69,17.72,17.69,17.72,NaN
1528308060,17.75,17.75,17.75,17.75,NaN
1528308120,17.76,17.76,17.75,17.76,NaN
1528308180,17.75,17.75,17.74,17.75,NaN
1528308240,17.76,17.76,17.73,17.73,NaN
1528308300,17.74,17.74,17.73,17.73,NaN
1528308360,17.71,17.73,17.71,17.73,NaN
1528308420,17.71,17.73,17.71,17.73,NaN
1528308480,17.74,17.75,17.74,17.75,NaN
1528308540,17.76,17.76,17.76,17.76,NaN
1528308600,17.77,17.78,17.77,17.78,NaN
1528308660,17.79,17.79,17.78,17.79,NaN
1528308720,17.8,17.8,17.8,17.8,NaN
1528308780,17.81,17.82,17.81,17.82,NaN
1528308840,17.81,17.81,17.8,17.8,NaN
1528378260,17.85,17.89,17.85,17.89,NaN
1528378320,17.92,18.04,17.92,18.04,NaN
1528378380,18.05,18.1,18.05,18.1,NaN
1528378440,18.09,18.09,18.04,18.08,NaN
1528378500,18.06,18.08,18.06,18.08,NaN
1528378560,18.1,18.1,18.05,18.05,NaN
1528378620,18.08,18.09,18.07,18.07,NaN
1528378680,18.08,18.1,18.08,18.1,NaN
1528378740,18.09,18.12,18.09,18.12,NaN
1528378800,18.11,18.11,18.09,18.09,NaN
1528378860,18.07,18.07,18.03,18.03,NaN
1528378920,18.01,18.04,18.01,18.04,NaN
1528378980,18.05,18.07,18.05,18.07,NaN
1528379040,18.1,18.1,18.04,18.04,NaN
1528379100,18.03,18.03,17.98,17.98,NaN
1528379160,17.96,17.97,17.95,17.95,NaN
1528379220,17.97,17.99,17.97,17.99,NaN
1528379280,17.97,17.97,17.93,17.93,NaN
1528379340,17.94,17.95,17.89,17.9,NaN
1528379400,17.88,17.89,17.88,17.88,NaN
1528379460,17.91,17.91,17.86,17.86,NaN
1528379520,17.88,17.9,17.84,17.9,NaN
1528379580,17.94,17.94,17.91,17.91,NaN
1528379640,17.92,17.92,17.91,17.91,NaN
1528379700,17.92,17.92,17.88,17.88,NaN
1528379760,17.93,17.94,17.93,17.94,NaN
1528379820,17.9,17.97,17.9,17.97,NaN
1528379880,17.98,17.98,17.95,17.97,NaN
1528379940,17.98,17.98,17.96,17.96,NaN
1528380000,17.93,17.94,17.93,17.93,NaN
1528380060,17.92,17.95,17.91,17.95,NaN
1528380120,17.93,17.99,17.93,17.99,NaN
1528380180,18.02,18.04,18.02,18.03,NaN
1528380240,18.04,18.04,18.02,18.02,NaN
1528380300,18.03,18.03,18.02,18.03,NaN
1528380360,18.01,18.05,18.01,18.05,NaN
1528380420,18.03,18.03,18.03,18.03,NaN
1528380480,18.04,18.04,18.04,18.04,NaN
1528380540,18.03,18.03,17.94,17.94,NaN
1528380600,17.97,17.99,17.93,17.99,NaN
1528380660,18,18.02,18,18.02,NaN
1528380720,18.03,18.04,18.03,18.04,NaN
1528380780,18.05,18.06,18.05,18.06,NaN
1528380840,18.05,18.06,18.05,18.06,NaN
1528380900,18.05,18.09,18.05,18.09,NaN
1528380960,18.08,18.08,18.04,18.04,NaN
1528381020,18.01,18.03,18.01,18.02,NaN
1528381080,18.03,18.04,18.03,18.04,NaN
1528381140,18.03,18.03,17.99,18.01,NaN
1528381200,18,18.01,18,18,NaN
1528381260,18.02,18.06,18.02,18.05,NaN
1528381320,18.06,18.06,18.05,18.05,NaN
1528381380,18.06,18.06,18.03,18.03,NaN
1528381440,18.04,18.04,18.02,18.04,NaN
1528381500,18.05,18.05,18.03,18.05,NaN
1528381560,18.06,18.11,18.06,18.11,NaN
1528381620,18.1,18.1,18.08,18.08,NaN
1528381680,18.1,18.1,18.09,18.09,NaN
1528381740,18.07,18.07,18.07,18.07,NaN
1528381800,18.05,18.05,18.05,18.05,NaN
1528381860,18.06,18.06,18.06,18.06,NaN
1528381920,18.05,18.07,18.05,18.07,NaN
1528381980,18.09,18.09,18.09,18.09,NaN
1528382040,18.08,18.11,18.08,18.08,NaN
1528382100,18.09,18.09,18.09,18.09,NaN
1528382160,18.08,18.08,18.06,18.06,NaN
1528382220,18.08,18.1,18.07,18.1,NaN
1528382280,18.09,18.11,18.09,18.11,NaN
1528382340,18.12,18.12,18.1,18.1,NaN
1528382400,18.11,18.11,18.1,18.11,NaN
1528382460,18.09,18.12,18.09,18.11,NaN
1528382520,18.12,18.12,18.11,18.11,NaN
1528382580,18.12,18.12,18.11,18.11,NaN
1528382640,18.09,18.12,18.09,18.12,NaN
1528382760,18.13,18.13,18.13,18.13,NaN
1528382820,18.14,18.16,18.14,18.16,NaN
1528382880,18.17,18.17,18.17,18.17,NaN
1528382940,18.16,18.16,18.14,18.14,NaN
1528383000,18.15,18.15,18.14,18.15,NaN
1528383060,18.16,18.16,18.15,18.15,NaN
1528383120,18.16,18.16,18.14,18.14,NaN
1528383180,18.15,18.15,18.15,18.15,NaN
1528383240,18.14,18.16,18.14,18.15,NaN
1528383300,18.14,18.15,18.14,18.15,NaN
1528383360,18.14,18.14,18.13,18.13,NaN
1528383420,18.14,18.14,18.13,18.13,NaN
1528383480,18.14,18.14,18.14,18.14,NaN
1528383540,18.12,18.15,18.12,18.12,NaN
1528383600,18.14,18.14,18.12,18.13,NaN
1528383660,18.12,18.12,18.12,18.12,NaN
1528383720,18.13,18.13,18.12,18.13,NaN
1528383780,18.12,18.12,18.1,18.11,NaN
1528383840,18.13,18.16,18.13,18.16,NaN
1528383900,18.14,18.18,18.14,18.18,NaN
1528383960,18.17,18.19,18.16,18.16,NaN
1528384020,18.15,18.16,18.15,18.16,NaN
1528384140,18.15,18.16,18.15,18.15,NaN
1528384200,18.16,18.16,18.15,18.15,NaN
1528384260,18.16,18.16,18.15,18.15,NaN
1528384320,18.14,18.16,18.14,18.16,NaN
1528384380,18.18,18.19,18.17,18.19,NaN
1528384440,18.17,18.2,18.17,18.2,NaN
1528384500,18.19,18.19,18.18,18.18,NaN
1528384560,18.16,18.17,18.16,18.16,NaN
1528384620,18.18,18.2,18.18,18.2,NaN
1528384680,18.22,18.22,18.19,18.19,NaN
1528384740,18.2,18.2,18.2,18.2,NaN
1528384800,18.19,18.2,18.19,18.2,NaN
1528384860,18.21,18.21,18.19,18.2,NaN
1528384920,18.26,18.28,18.26,18.28,NaN
1528384980,18.26,18.28,18.26,18.28,NaN
1528385040,18.29,18.29,18.29,18.29,NaN
1528385100,18.28,18.29,18.28,18.29,NaN
1528385160,18.31,18.32,18.31,18.32,NaN
1528385220,18.33,18.38,18.33,18.38,NaN
1528385280,18.39,18.39,18.39,18.39,NaN
1528385340,18.36,18.36,18.34,18.34,NaN
1528385400,18.38,18.39,18.38,18.39,NaN
1528385460,18.41,18.41,18.34,18.34,NaN
1528385520,18.32,18.36,18.32,18.36,NaN
1528385580,18.32,18.34,18.32,18.33,NaN
1528385640,18.35,18.35,18.33,18.34,NaN
1528385700,18.35,18.36,18.35,18.36,NaN
1528385760,18.38,18.42,18.38,18.42,NaN
1528385820,18.39,18.39,18.39,18.39,NaN
1528385880,18.37,18.37,18.37,18.37,NaN
1528385940,18.38,18.39,18.38,18.38,NaN
1528386000,18.39,18.4,18.39,18.4,NaN
1528386060,18.39,18.41,18.39,18.41,NaN
1528386120,18.42,18.42,18.41,18.41,NaN
1528386240,18.4,18.4,18.4,18.4,NaN
1528386300,18.41,18.41,18.39,18.39,NaN
1528386360,18.38,18.38,18.38,18.38,NaN
1528386420,18.39,18.39,18.38,18.38,NaN
1528386480,18.37,18.37,18.32,18.32,NaN
1528386540,18.33,18.33,18.33,18.33,NaN
1528386600,18.32,18.32,18.31,18.32,NaN
1528386660,18.31,18.31,18.3,18.3,NaN
1528386720,18.31,18.31,18.3,18.31,NaN
1528386780,18.3,18.3,18.29,18.29,NaN
1528386840,18.27,18.27,18.25,18.25,NaN
1528386900,18.24,18.24,18.23,18.24,NaN
1528386960,18.23,18.24,18.23,18.24,NaN
1528387020,18.25,18.26,18.25,18.26,NaN
1528387080,18.29,18.32,18.29,18.32,NaN
1528387140,18.31,18.36,18.31,18.35,NaN
1528387200,18.39,18.41,18.38,18.41,NaN
1528387260,18.42,18.43,18.42,18.43,NaN
1528387320,18.42,18.42,18.42,18.42,NaN
1528387380,18.43,18.43,18.43,18.43,NaN
1528387440,18.44,18.45,18.44,18.44,NaN
1528387500,18.46,18.49,18.46,18.47,NaN
1528387560,18.48,18.48,18.46,18.48,NaN
1528387620,18.5,18.52,18.5,18.52,NaN
1528387680,18.51,18.52,18.51,18.52,NaN
1528387740,18.51,18.51,18.51,18.51,NaN
1528387800,18.5,18.51,18.5,18.51,NaN
1528387860,18.48,18.49,18.48,18.49,NaN
1528387980,18.5,18.58,18.5,18.58,NaN
1528388040,18.57,18.58,18.56,18.56,NaN
1528388100,18.58,18.58,18.57,18.57,NaN
1528388160,18.58,18.58,18.54,18.54,NaN
1528388220,18.55,18.55,18.54,18.54,NaN
1528388280,18.55,18.55,18.55,18.55,NaN
1528388340,18.56,18.56,18.56,18.56,NaN
1528388400,18.55,18.55,18.54,18.54,NaN
1528388460,18.55,18.55,18.54,18.54,NaN
1528388520,18.53,18.53,18.52,18.52,NaN
1528388580,18.53,18.53,18.5,18.5,NaN
1528388640,18.48,18.49,18.47,18.49,NaN
1528388700,18.5,18.5,18.49,18.49,NaN
1528388760,18.5,18.5,18.48,18.48,NaN
1528388820,18.49,18.49,18.49,18.49,NaN
1528388880,18.5,18.5,18.49,18.49,NaN
1528388940,18.5,18.5,18.46,18.48,NaN
1528389000,18.51,18.51,18.51,18.51,NaN
1528389060,18.52,18.55,18.52,18.55,NaN
1528389120,18.54,18.55,18.54,18.55,NaN
1528389180,18.54,18.54,18.54,18.54,NaN
1528389240,18.55,18.57,18.55,18.56,NaN
1528389300,18.55,18.55,18.55,18.55,NaN
1528389360,18.56,18.59,18.56,18.59,NaN
1528389420,18.62,18.64,18.62,18.64,NaN
1528389480,18.65,18.65,18.65,18.65,NaN
1528389540,18.64,18.67,18.64,18.67,NaN
1528389600,18.65,18.68,18.64,18.67,NaN
1528389720,18.68,18.71,18.68,18.71,NaN
1528389780,18.72,18.72,18.7,18.7,NaN
1528389840,18.69,18.7,18.69,18.7,NaN
1528389900,18.69,18.69,18.68,18.69,NaN
1528389960,18.7,18.72,18.7,18.7,NaN
1528390020,18.67,18.71,18.67,18.7,NaN
1528390080,18.71,18.76,18.71,18.74,NaN
1528390140,18.75,18.76,18.75,18.75,NaN
1528390200,18.74,18.75,18.74,18.74,NaN
1528390260,18.76,18.78,18.75,18.76,NaN
1528390320,18.75,18.77,18.75,18.77,NaN
1528390380,18.78,18.78,18.77,18.77,NaN
1528390440,18.76,18.77,18.75,18.75,NaN
1528390500,18.74,18.75,18.74,18.75,NaN
1528390560,18.74,18.76,18.74,18.76,NaN
1528390620,18.75,18.76,18.75,18.76,NaN
1528390680,18.74,18.74,18.72,18.72,NaN
1528390740,18.71,18.71,18.7,18.7,NaN
1528390800,18.71,18.72,18.71,18.71,NaN
1528390860,18.7,18.7,18.7,18.7,NaN
1528390920,18.71,18.71,18.71,18.71,NaN
1528390980,18.73,18.76,18.73,18.76,NaN
1528391040,18.78,18.78,18.76,18.76,NaN
1528391100,18.78,18.78,18.76,18.76,NaN
1528391160,18.77,18.77,18.73,18.73,NaN
1528391220,18.74,18.78,18.74,18.78,NaN
1528391280,18.77,18.78,18.77,18.78,NaN
1528391340,18.81,18.81,18.8,18.8,NaN
1528391400,18.79,18.8,18.79,18.79,NaN
1528391460,18.78,18.78,18.77,18.77,NaN
1528391520,18.78,18.79,18.78,18.79,NaN
1528391580,18.78,18.78,18.77,18.77,NaN
1528391640,18.78,18.78,18.78,18.78,NaN
1528391700,18.77,18.8,18.77,18.8,NaN
1528391760,18.81,18.82,18.81,18.81,NaN
1528391820,18.82,18.82,18.78,18.78,NaN
1528391880,18.77,18.8,18.77,18.78,NaN
1528391940,18.76,18.78,18.76,18.77,NaN
1528392000,18.79,18.79,18.74,18.74,NaN
1528392060,18.75,18.79,18.75,18.79,NaN
1528392120,18.8,18.86,18.8,18.86,NaN
1528392180,18.84,18.84,18.83,18.84,NaN
1528392240,18.83,18.86,18.83,18.86,NaN
1528392300,18.84,18.84,18.83,18.83,NaN
1528392360,18.84,18.87,18.84,18.85,NaN
1528392420,18.87,18.88,18.85,18.85,NaN
1528392480,18.84,18.89,18.84,18.89,NaN
1528392540,18.88,18.9,18.88,18.9,NaN
1528392600,18.92,18.92,18.88,18.88,NaN
1528392660,18.87,18.87,18.86,18.86,NaN
1528392720,18.88,18.88,18.87,18.87,NaN
1528392780,18.88,18.88,18.86,18.87,NaN
1528392840,18.88,18.88,18.88,18.88,NaN
1528392900,18.89,18.89,18.86,18.86,NaN
1528392960,18.87,18.87,18.87,18.87,NaN
1528393020,18.88,18.88,18.86,18.86,NaN
1528393080,18.87,18.87,18.86,18.87,NaN
1528393140,18.86,18.86,18.86,18.86,NaN
1528393200,18.87,18.87,18.86,18.87,NaN
1528393260,18.85,18.85,18.84,18.84,NaN
1528393320,18.85,18.87,18.85,18.87,NaN
1528393380,18.88,18.88,18.88,18.88,NaN
1528393440,18.89,18.89,18.88,18.88,NaN
1528393500,18.84,18.86,18.84,18.86,NaN
1528393620,18.87,18.9,18.87,18.9,NaN
1528393680,18.89,18.92,18.89,18.92,NaN
1528393740,18.91,18.91,18.89,18.89,NaN
1528393800,18.91,18.91,18.9,18.9,NaN
1528393860,18.91,18.92,18.89,18.92,NaN
1528393920,18.93,18.93,18.91,18.91,NaN
1528393980,18.9,18.9,18.88,18.88,NaN
1528394040,18.89,18.9,18.89,18.9,NaN
1528394100,18.91,18.96,18.9,18.96,NaN
1528394160,19.01,19.04,19.01,19.02,NaN
1528394220,19.03,19.04,19.02,19.02,NaN
1528394280,19.04,19.04,19.03,19.03,NaN
1528394340,19.05,19.05,19.03,19.03,NaN
1528394400,19.04,19.11,19.04,19.11,NaN
1528394460,19.13,19.15,19.13,19.15,NaN
1528394520,19.1,19.1,19.07,19.07,NaN
1528394580,19.09,19.09,19.04,19.04,NaN
1528394640,19.03,19.06,19.03,19.04,NaN
1528394700,19.07,19.07,19.05,19.05,NaN
1528394760,19.07,19.1,19.07,19.1,NaN
1528394820,19.08,19.08,19.06,19.07,NaN
1528394880,19.06,19.06,19.06,19.06,NaN
1528394940,19.04,19.07,19.04,19.07,NaN
1528395000,19.06,19.07,19.05,19.05,NaN
1528395060,19.03,19.03,18.99,19,NaN
1528395120,18.98,18.99,18.97,18.99,NaN
1528395180,18.98,18.99,18.96,18.96,NaN
1528395240,18.97,18.99,18.96,18.99,NaN
1528464660,19.36,19.36,18.49,19.32,NaN
1528464720,19.35,19.35,19.27,19.32,NaN
1528464780,19.31,19.32,19.25,19.25,NaN
1528464840,19.27,19.28,19.27,19.27,NaN
1528464900,19.28,19.31,19.27,19.31,NaN
1528464960,19.3,19.3,19.28,19.28,NaN
1528465020,19.32,19.35,19.32,19.35,NaN
1528465080,19.31,19.31,19.27,19.27,NaN
1528465140,19.26,19.27,19.26,19.27,NaN
1528465200,19.28,19.28,19.26,19.26,NaN
1528465260,19.25,19.27,19.25,19.27,NaN
1528465320,19.26,19.26,19.24,19.24,NaN
1528465380,19.21,19.24,19.21,19.21,NaN
1528465440,19.2,19.23,19.2,19.23,NaN
1528465500,19.22,19.24,19.22,19.22,NaN
1528465560,19.21,19.23,19.21,19.23,NaN
1528465620,19.22,19.24,19.22,19.23,NaN
1528465680,19.24,19.25,19.23,19.25,NaN
1528465740,19.23,19.23,19.17,19.18,NaN
1528465800,19.19,19.19,19.19,19.19,NaN
1528465860,19.21,19.28,19.21,19.28,NaN
1528465920,19.29,19.29,19.28,19.28,NaN
1528465980,19.27,19.28,19.26,19.26,NaN
1528466040,19.28,19.28,19.27,19.28,NaN
1528466100,19.3,19.31,19.3,19.31,NaN
1528466160,19.32,19.35,19.32,19.33,NaN
1528466220,19.35,19.37,19.35,19.37,NaN
1528466280,19.38,19.38,19.35,19.35,NaN
1528466340,19.36,19.36,19.31,19.33,NaN
1528466400,19.32,19.32,19.31,19.31,NaN
1528466460,19.3,19.31,19.3,19.3,NaN
1528466520,19.31,19.32,19.29,19.29,NaN
1528466580,19.3,19.3,19.29,19.29,NaN
1528466640,19.28,19.29,19.27,19.27,NaN
1528466700,19.28,19.29,19.27,19.28,NaN
1528466760,19.29,19.3,19.28,19.3,NaN
1528466820,19.32,19.34,19.31,19.34,NaN
1528466880,19.35,19.36,19.35,19.36,NaN
1528466940,19.32,19.37,19.32,19.37,NaN
1528467000,19.38,19.38,19.35,19.35,NaN
1528467060,19.32,19.34,19.32,19.33,NaN
1528467120,19.32,19.33,19.27,19.27,NaN
1528467180,19.22,19.26,19.22,19.24,NaN
1528467240,19.21,19.22,19.17,19.17,NaN
1528467300,19.11,19.14,19.11,19.11,NaN
1528467360,19.08,19.08,19.04,19.04,NaN
1528467420,19.01,19.02,19.01,19.02,NaN
1528467480,19.04,19.07,19.03,19.07,NaN
1528467540,19.08,19.08,19.05,19.05,NaN
1528467600,19.04,19.05,19.04,19.04,NaN
1528467660,19.03,19.06,19.02,19.02,NaN
1528467720,19.03,19.05,19.03,19.04,NaN
1528467780,19.05,19.05,19.03,19.04,NaN
1528467840,19.03,19.03,19.01,19.01,NaN
1528467900,19.02,19.02,19,19,NaN
1528467960,19.01,19.01,18.95,18.95,NaN
1528468080,18.94,18.96,18.94,18.94,NaN
1528468140,18.92,18.94,18.92,18.92,NaN
1528468200,18.87,18.88,18.86,18.86,NaN
1528468260,18.87,18.87,18.85,18.85,NaN
1528468320,18.86,18.86,18.84,18.84,NaN
1528468380,18.85,18.85,18.82,18.83,NaN
1528468440,18.82,18.82,18.82,18.82,NaN
1528468500,18.83,18.83,18.81,18.81,NaN
1528468560,18.82,18.83,18.82,18.83,NaN
1528468620,18.82,18.82,18.79,18.79,NaN
1528468680,18.81,18.82,18.81,18.82,NaN
1528468740,18.86,18.86,18.81,18.81,NaN
1528468800,18.82,18.85,18.82,18.82,NaN
1528468860,18.81,18.83,18.81,18.81,NaN
1528468920,18.8,18.8,18.78,18.79,NaN
1528468980,18.76,18.76,18.75,18.76,NaN
1528469040,18.78,18.78,18.77,18.78,NaN
1528469100,18.79,18.79,18.75,18.78,NaN
1528469160,18.75,18.75,18.74,18.75,NaN
1528469220,18.76,18.76,18.73,18.73,NaN
1528469280,18.75,18.75,18.73,18.74,NaN
1528469340,18.75,18.75,18.75,18.75,NaN
1528469400,18.74,18.74,18.74,18.74,NaN
1528469460,18.73,18.73,18.72,18.73,NaN
1528469520,18.71,18.71,18.69,18.69,NaN
1528469580,18.7,18.7,18.69,18.69,NaN
1528469640,18.68,18.69,18.67,18.67,NaN
1528469700,18.68,18.68,18.67,18.67,NaN
1528469760,18.66,18.66,18.63,18.65,NaN
1528469820,18.66,18.67,18.66,18.67,NaN
1528469880,18.66,18.67,18.65,18.66,NaN
1528469940,18.65,18.67,18.65,18.67,NaN
1528470000,18.65,18.65,18.63,18.63,NaN
1528470060,18.64,18.64,18.62,18.62,NaN
1528470120,18.61,18.62,18.6,18.6,NaN
1528470180,18.61,18.61,18.58,18.58,NaN
1528470240,18.6,18.6,18.58,18.58,NaN
1528470300,18.59,18.59,18.58,18.58,NaN
1528470360,18.57,18.57,18.54,18.54,NaN
1528470420,18.53,18.55,18.53,18.55,NaN
1528470480,18.53,18.54,18.52,18.54,NaN
1528470540,18.53,18.54,18.53,18.53,NaN
1528470600,18.54,18.54,18.53,18.54,NaN
1528470660,18.52,18.53,18.52,18.52,NaN
1528470720,18.55,18.55,18.55,18.55,NaN
1528470780,18.54,18.55,18.54,18.54,NaN
1528470840,18.53,18.57,18.53,18.57,NaN
1528470900,18.55,18.55,18.53,18.53,NaN
1528470960,18.54,18.54,18.54,18.54,NaN
1528471020,18.53,18.54,18.53,18.54,NaN
1528471080,18.55,18.55,18.53,18.53,NaN
1528471140,18.55,18.55,18.55,18.55,NaN
1528471200,18.54,18.56,18.54,18.56,NaN
1528471260,18.54,18.54,18.54,18.54,NaN
1528471320,18.55,18.55,18.51,18.51,NaN
1528471380,18.52,18.52,18.51,18.51,NaN
1528471440,18.52,18.54,18.52,18.54,NaN
1528471500,18.53,18.56,18.53,18.56,NaN
1528471560,18.54,18.55,18.53,18.53,NaN
1528471620,18.52,18.55,18.52,18.55,NaN
1528471680,18.54,18.55,18.51,18.51,NaN
1528471740,18.5,18.55,18.5,18.55,NaN
1528471800,18.53,18.56,18.53,18.56,NaN
1528471860,18.54,18.54,18.53,18.53,NaN
1528471920,18.54,18.54,18.52,18.52,NaN
1528471980,18.53,18.53,18.52,18.52,NaN
1528472040,18.51,18.53,18.51,18.53,NaN
1528472100,18.52,18.54,18.52,18.54,NaN
1528472160,18.57,18.57,18.56,18.56,NaN
1528472220,18.57,18.57,18.56,18.56,NaN
1528472280,18.59,18.6,18.58,18.6,NaN
1528472340,18.59,18.59,18.58,18.59,NaN
1528472400,18.58,18.6,18.58,18.6,NaN
1528472460,18.59,18.59,18.58,18.59,NaN
1528472520,18.56,18.56,18.56,18.56,NaN
1528472580,18.58,18.6,18.58,18.59,NaN
1528472640,18.57,18.6,18.57,18.59,NaN
1528472700,18.54,18.54,18.52,18.52,NaN
1528472760,18.51,18.51,18.49,18.49,NaN
1528472820,18.51,18.51,18.49,18.49,NaN
1528472880,18.5,18.5,18.47,18.49,NaN
1528472940,18.48,18.48,18.47,18.47,NaN
1528473000,18.48,18.48,18.48,18.48,NaN
1528473060,18.46,18.52,18.46,18.52,NaN
1528473120,18.51,18.52,18.51,18.52,NaN
1528473180,18.54,18.56,18.54,18.56,NaN
1528473240,18.58,18.59,18.57,18.59,NaN
1528473300,18.61,18.65,18.61,18.65,NaN
1528473360,18.63,18.65,18.61,18.61,NaN
1528473420,18.73,18.81,18.73,18.81,NaN
1528473480,18.83,18.83,18.82,18.83,NaN
1528473540,18.85,18.89,18.85,18.87,NaN
1528473600,18.81,18.85,18.81,18.85,NaN
1528473660,18.86,18.86,18.84,18.84,NaN
1528473720,18.85,18.86,18.84,18.86,NaN
1528473780,18.87,18.87,18.87,18.87,NaN
1528473840,18.85,18.85,18.85,18.85,NaN
1528473900,18.83,18.85,18.83,18.84,NaN
1528473960,18.85,18.85,18.83,18.83,NaN
1528474020,18.84,18.84,18.83,18.83,NaN
1528474080,18.84,18.84,18.83,18.84,NaN
1528474140,18.86,18.88,18.86,18.87,NaN
1528474200,18.82,18.82,18.8,18.81,NaN
1528474260,18.82,18.82,18.81,18.81,NaN
1528474320,18.82,18.82,18.79,18.79,NaN
1528474380,18.78,18.79,18.78,18.79,NaN
1528474440,18.8,18.8,18.8,18.8,NaN
1528474500,18.81,18.82,18.81,18.82,NaN
1528474560,18.84,18.84,18.82,18.84,NaN
1528474620,18.82,18.84,18.82,18.82,NaN
1528474680,18.83,18.83,18.83,18.83,NaN
1528474740,18.82,18.84,18.82,18.84,NaN
1528474800,18.83,18.83,18.82,18.82,NaN
1528474860,18.83,18.83,18.83,18.83,NaN
1528474920,18.82,18.84,18.82,18.83,NaN
1528474980,18.82,18.84,18.82,18.83,NaN
1528475040,18.82,18.85,18.82,18.84,NaN
1528475160,18.83,18.83,18.83,18.83,NaN
1528475220,18.85,18.85,18.84,18.84,NaN
1528475280,18.85,18.85,18.85,18.85,NaN
1528475340,18.84,18.84,18.82,18.82,NaN
1528475400,18.83,18.85,18.83,18.85,NaN
1528475460,18.86,18.86,18.85,18.85,NaN
1528475520,18.86,18.86,18.86,18.86,NaN
1528475580,18.85,18.86,18.85,18.85,NaN
1528475640,18.86,18.87,18.86,18.86,NaN
1528475760,18.87,18.88,18.86,18.88,NaN
1528475820,18.89,18.9,18.88,18.88,NaN
1528475880,18.91,18.92,18.9,18.9,NaN
1528475940,18.91,18.91,18.9,18.9,NaN
1528476000,18.91,18.91,18.9,18.9,NaN
1528476060,18.91,18.91,18.91,18.91,NaN
1528476120,18.9,18.91,18.9,18.91,NaN
1528476240,18.92,18.94,18.92,18.93,NaN
1528476300,18.92,18.94,18.92,18.93,NaN
1528476360,18.95,18.98,18.95,18.98,NaN
1528476420,18.99,18.99,18.99,18.99,NaN
1528476480,18.98,18.98,18.98,18.98,NaN
1528476540,18.99,19.01,18.99,19.01,NaN
1528476600,19,19.02,19,19.02,NaN
1528476660,19.01,19.03,19.01,19.03,NaN
1528476720,19.02,19.02,19,19,NaN
1528476780,19.01,19.04,19.01,19.04,NaN
1528476840,19.05,19.06,19.05,19.06,NaN
1528476900,19.07,19.08,19.07,19.08,NaN
1528476960,19.07,19.08,19.07,19.08,NaN
1528477020,19.06,19.09,19.06,19.09,NaN
1528477080,19.08,19.08,19.06,19.07,NaN
1528477140,19.09,19.09,19.08,19.08,NaN
1528477200,19.07,19.08,19.07,19.08,NaN
1528477260,19.09,19.11,19.09,19.11,NaN
1528477320,19.1,19.11,19.1,19.11,NaN
1528477380,19.09,19.11,19.09,19.09,NaN
1528477440,19.1,19.1,19.1,19.1,NaN
1528477560,19.09,19.09,19.08,19.08,NaN
1528477620,19.1,19.1,19.1,19.1,NaN
1528477680,19.09,19.1,19.09,19.1,NaN
1528477740,19.11,19.11,19.11,19.11,NaN
1528477800,19.1,19.1,19.1,19.1,NaN
1528477860,19.09,19.09,19.07,19.07,NaN
1528477920,19.04,19.04,19.01,19.01,NaN
1528477980,18.97,18.97,18.95,18.95,NaN
1528478040,18.96,18.96,18.94,18.96,NaN
1528478100,18.95,18.95,18.94,18.94,NaN
1528478160,18.95,18.95,18.94,18.94,NaN
1528478220,18.95,18.95,18.95,18.95,NaN
1528478280,18.96,18.96,18.95,18.96,NaN
1528478340,18.97,18.97,18.96,18.97,NaN
1528478400,18.99,18.99,18.96,18.97,NaN
1528478460,18.98,18.98,18.97,18.97,NaN
1528478520,18.95,18.97,18.95,18.97,NaN
1528478580,18.96,18.97,18.96,18.97,NaN
1528478640,19,19.01,19,19.01,NaN
1528478700,19.03,19.03,19.03,19.03,NaN
1528478760,19.05,19.09,19.05,19.08,NaN
1528478820,19.09,19.09,19.08,19.08,NaN
1528478880,19.07,19.08,19.06,19.08,NaN
1528478940,19.1,19.1,19.08,19.08,NaN
1528479000,19.09,19.1,19.08,19.08,NaN
1528479060,19.09,19.09,19.08,19.08,NaN
1528479120,19.05,19.05,19.05,19.05,NaN
1528479180,19.07,19.07,19.05,19.07,NaN
1528479240,19.08,19.08,19.07,19.08,NaN
1528479300,19.07,19.07,19.06,19.06,NaN
1528479360,19.05,19.05,19.05,19.05,NaN
1528479420,19.06,19.06,19.04,19.05,NaN
1528479480,19.04,19.05,19.04,19.05,NaN
1528479540,19.03,19.03,19.01,19.01,NaN
1528479600,19,19.01,19,19,NaN
1528479660,19.01,19.02,19.01,19.02,NaN
1528479720,19.01,19.01,19.01,19.01,NaN
1528479780,19.02,19.02,19,19,NaN
1528479840,19.02,19.02,19.01,19.01,NaN
1528479900,19,19,19,19,NaN
1528479960,19.01,19.01,18.99,19,NaN
1528480020,18.99,19,18.99,18.99,NaN
1528480080,19,19,18.99,19,NaN
1528480140,19.02,19.02,19.01,19.01,NaN
1528480200,19.02,19.03,19.01,19.01,NaN
1528480320,18.96,18.96,18.9,18.9,NaN
1528480380,18.91,18.91,18.89,18.89,NaN
1528480440,18.88,18.88,18.87,18.87,NaN
1528480500,18.88,18.88,18.83,18.83,NaN
1528480560,18.87,18.87,18.85,18.85,NaN
1528480620,18.84,18.84,18.84,18.84,NaN
1528480680,18.82,18.84,18.82,18.84,NaN
1528480740,18.83,18.84,18.83,18.84,NaN
1528480800,18.85,18.86,18.85,18.86,NaN
1528480860,18.85,18.85,18.85,18.85,NaN
1528480920,18.83,18.86,18.83,18.85,NaN
1528480980,18.84,18.86,18.84,18.86,NaN
1528481040,18.85,18.87,18.84,18.84,NaN
1528481100,18.85,18.87,18.85,18.86,NaN
1528481160,18.87,18.88,18.87,18.88,NaN
1528481280,18.89,18.89,18.88,18.88,NaN
1528481340,18.89,18.9,18.88,18.88,NaN
1528481400,18.89,18.96,18.89,18.96,NaN
1528481460,18.98,18.99,18.97,18.99,NaN
1528481520,18.98,18.99,18.97,18.97,NaN
1528481580,18.96,18.97,18.95,18.97,NaN
1528481640,18.96,18.96,18.94,18.94,NaN
1528723860,19.57,19.57,19.56,19.57,NaN
1528723920,19.58,19.58,19.54,19.54,NaN
1528723980,19.6,19.62,19.59,19.59,NaN
1528724040,19.57,19.58,19.56,19.57,NaN
1528724100,19.58,19.59,19.58,19.58,NaN
1528724160,19.59,19.66,19.59,19.63,NaN
1528724220,19.6,19.62,19.6,19.6,NaN
1528724280,19.61,19.64,19.61,19.64,NaN
1528724340,19.61,19.65,19.61,19.65,NaN
1528724400,19.6,19.61,19.59,19.61,NaN
1528724460,19.58,19.58,19.5,19.5,NaN
1528724520,19.48,19.48,19.47,19.48,NaN
1528724580,19.46,19.46,19.44,19.44,NaN
1528724640,19.41,19.42,19.4,19.42,NaN
1528724700,19.44,19.44,19.42,19.42,NaN
1528724760,19.41,19.41,19.38,19.39,NaN
1528724820,19.4,19.4,19.35,19.35,NaN
1528724880,19.38,19.38,19.37,19.37,NaN
1528724940,19.34,19.38,19.34,19.38,NaN
1528725000,19.42,19.42,19.39,19.39,NaN
1528725060,19.38,19.4,19.38,19.4,NaN
1528725120,19.41,19.41,19.4,19.4,NaN
1528725180,19.43,19.49,19.43,19.49,NaN
1528725240,19.51,19.51,19.5,19.51,NaN
1528725300,19.53,19.57,19.53,19.57,NaN
1528725360,19.55,19.59,19.55,19.59,NaN
1528725420,19.62,19.64,19.62,19.64,NaN
1528725480,19.65,19.66,19.64,19.66,NaN
1528725540,19.65,19.67,19.65,19.67,NaN
1528725600,19.68,19.71,19.68,19.71,NaN
1528725660,19.7,19.71,19.7,19.71,NaN
1528725720,19.73,19.74,19.73,19.74,NaN
1528725780,19.73,19.78,19.73,19.78,NaN
1528725840,19.81,19.91,19.81,19.91,NaN
1528725900,19.9,19.94,19.9,19.94,NaN
1528725960,19.95,19.97,19.94,19.97,NaN
1528726020,19.98,19.99,19.98,19.99,NaN
1528726080,20.02,20.06,20.02,20.06,NaN
1528726140,20.07,20.08,20.07,20.08,NaN
1528726200,20.09,20.12,20.09,20.12,NaN
1528726260,20.1,20.14,20.1,20.14,NaN
1528726320,20.13,20.17,20.13,20.16,NaN
1528726380,20.18,20.18,20.15,20.16,NaN
1528726440,20.15,20.17,20.15,20.16,NaN
1528726500,20.18,20.2,20.17,20.17,NaN
1528726560,20.18,20.19,20.16,20.19,NaN
1528726620,20.18,20.21,20.18,20.21,NaN
1528726680,20.22,20.23,20.22,20.23,NaN
1528726740,20.22,20.22,20.22,20.22,NaN
1528726800,20.24,20.24,20.21,20.21,NaN
1528726860,20.23,20.23,20.23,20.23,NaN
1528726920,20.22,20.23,20.19,20.21,NaN
1528726980,20.2,20.2,20.17,20.19,NaN
1528727040,20.17,20.17,20.16,20.17,NaN
1528727100,20.15,20.15,20.14,20.15,NaN
1528727160,20.14,20.14,20.09,20.09,NaN
1528727220,20.05,20.05,19.96,19.96,NaN
1528727280,19.97,19.97,19.93,19.94,NaN
1528727340,19.93,19.93,19.91,19.91,NaN
1528727400,19.9,19.9,19.89,19.89,NaN
1528727460,19.88,19.88,19.87,19.87,NaN
1528727520,19.86,19.86,19.86,19.86,NaN
1528727580,19.88,19.88,19.87,19.87,NaN
1528727640,19.88,19.88,19.87,19.87,NaN
1528727700,19.86,19.87,19.86,19.86,NaN
1528727760,19.88,19.88,19.88,19.88,NaN
1528727820,19.89,19.89,19.88,19.89,NaN
1528727880,19.88,19.88,19.87,19.87,NaN
1528727940,19.88,19.88,19.87,19.88,NaN
1528728000,19.89,19.89,19.87,19.87,NaN
1528728060,19.89,19.89,19.88,19.89,NaN
1528728120,19.9,19.91,19.9,19.91,NaN
1528728180,19.9,19.9,19.9,19.9,NaN
1528728240,19.91,19.91,19.9,19.9,NaN
1528728360,19.89,19.89,19.89,19.89,NaN
1528728420,19.9,19.91,19.9,19.9,NaN
1528728480,19.89,19.89,19.89,19.89,NaN
1528728540,19.9,19.9,19.89,19.9,NaN
1528728600,19.91,19.91,19.91,19.91,NaN
1528728660,19.9,19.91,19.9,19.91,NaN
1528728720,19.92,19.93,19.91,19.93,NaN
1528728780,19.87,19.87,19.85,19.85,NaN
1528728840,19.86,19.88,19.86,19.88,NaN
1528728900,19.9,19.91,19.89,19.91,NaN
1528728960,19.9,19.91,19.9,19.91,NaN
1528729020,19.92,19.92,19.9,19.92,NaN
1528729080,19.91,19.93,19.91,19.93,NaN
1528729140,19.94,19.94,19.92,19.92,NaN
1528729200,19.93,19.93,19.92,19.92,NaN
1528729260,19.9,19.93,19.9,19.9,NaN
1528729320,19.91,19.91,19.88,19.88,NaN
1528729380,19.87,19.87,19.84,19.84,NaN
1528729440,19.85,19.85,19.83,19.84,NaN
1528729500,19.83,19.85,19.83,19.85,NaN
1528729560,19.83,19.85,19.83,19.85,NaN
1528729620,19.84,19.85,19.84,19.85,NaN
1528729680,19.84,19.84,19.84,19.84,NaN
1528729740,19.83,19.83,19.82,19.82,NaN
1528729800,19.83,19.84,19.83,19.83,NaN
1528729860,19.84,19.84,19.84,19.84,NaN
1528729920,19.83,19.83,19.81,19.81,NaN
1528729980,19.82,19.82,19.82,19.82,NaN
1528730040,19.81,19.81,19.8,19.81,NaN
1528730100,19.82,19.82,19.81,19.81,NaN
1528730160,19.8,19.81,19.8,19.81,NaN
1528730220,19.82,19.82,19.81,19.81,NaN
1528730280,19.83,19.83,19.82,19.82,NaN
1528730340,19.83,19.83,19.82,19.82,NaN
1528730400,19.83,19.84,19.83,19.84,NaN
1528730460,19.86,19.86,19.83,19.85,NaN
1528730520,19.86,19.89,19.86,19.86,NaN
1528730580,19.85,19.87,19.85,19.87,NaN
1528730640,19.85,19.85,19.83,19.84,NaN
1528730700,19.83,19.84,19.83,19.84,NaN
1528730760,19.83,19.83,19.82,19.82,NaN
1528730820,19.8,19.83,19.8,19.83,NaN
1528730880,19.82,19.84,19.82,19.84,NaN
1528730940,19.83,19.83,19.82,19.83,NaN
1528731000,19.82,19.83,19.82,19.83,NaN
1528731060,19.82,19.82,19.82,19.82,NaN
1528731120,19.83,19.83,19.8,19.8,NaN
1528731180,19.77,19.77,19.74,19.74,NaN
1528731240,19.75,19.75,19.73,19.73,NaN
1528731300,19.72,19.73,19.72,19.72,NaN
1528731360,19.73,19.73,19.71,19.72,NaN
1528731420,19.7,19.7,19.67,19.68,NaN
1528731480,19.67,19.67,19.65,19.65,NaN
1528731540,19.64,19.65,19.64,19.64,NaN
1528731600,19.65,19.66,19.65,19.65,NaN
1528731660,19.62,19.67,19.62,19.65,NaN
1528731720,19.66,19.66,19.64,19.64,NaN
1528731780,19.65,19.65,19.63,19.63,NaN
1528731840,19.65,19.65,19.63,19.64,NaN
1528731900,19.63,19.63,19.63,19.63,NaN
1528731960,19.64,19.65,19.64,19.65,NaN
1528732020,19.63,19.64,19.63,19.64,NaN
1528732080,19.66,19.67,19.65,19.65,NaN
1528732140,19.66,19.66,19.65,19.65,NaN
1528732200,19.64,19.64,19.64,19.64,NaN
1528732260,19.63,19.63,19.6,19.61,NaN
1528732320,19.62,19.62,19.61,19.61,NaN
1528732380,19.6,19.61,19.6,19.61,NaN
1528732440,19.62,19.65,19.62,19.65,NaN
1528732500,19.64,19.64,19.63,19.63,NaN
1528732560,19.64,19.64,19.64,19.64,NaN
1528732620,19.66,19.67,19.65,19.67,NaN
1528732680,19.68,19.69,19.66,19.69,NaN
1528732740,19.68,19.68,19.68,19.68,NaN
1528732800,19.69,19.69,19.65,19.65,NaN
1528732860,19.64,19.65,19.64,19.65,NaN
1528732920,19.66,19.66,19.63,19.63,NaN
1528732980,19.62,19.63,19.62,19.63,NaN
1528733040,19.64,19.64,19.64,19.64,NaN
1528733100,19.63,19.63,19.62,19.63,NaN
1528733160,19.65,19.68,19.64,19.67,NaN
1528733220,19.66,19.66,19.64,19.65,NaN
1528733280,19.67,19.67,19.65,19.67,NaN
1528733340,19.65,19.65,19.65,19.65,NaN
1528733400,19.64,19.66,19.64,19.66,NaN
1528733460,19.65,19.66,19.65,19.66,NaN
1528733520,19.65,19.65,19.62,19.64,NaN
1528733580,19.67,19.7,19.67,19.7,NaN
1528733640,19.69,19.72,19.69,19.72,NaN
1528733700,19.7,19.7,19.69,19.69,NaN
1528733760,19.7,19.73,19.7,19.72,NaN
1528733820,19.73,19.73,19.72,19.72,NaN
1528733880,19.73,19.75,19.73,19.75,NaN
1528733940,19.74,19.76,19.74,19.74,NaN
1528734000,19.71,19.71,19.71,19.71,NaN
1528734060,19.7,19.73,19.7,19.73,NaN
1528734120,19.72,19.72,19.72,19.72,NaN
1528734180,19.74,19.76,19.74,19.76,NaN
1528734240,19.77,19.77,19.75,19.75,NaN
1528734300,19.76,19.76,19.74,19.74,NaN
1528734360,19.76,19.76,19.75,19.75,NaN
1528734420,19.74,19.74,19.73,19.74,NaN
1528734480,19.75,19.76,19.75,19.76,NaN
1528734540,19.77,19.78,19.77,19.78,NaN
1528734600,19.77,19.77,19.77,19.77,NaN
1528734660,19.78,19.78,19.77,19.78,NaN
1528734720,19.79,19.8,19.77,19.77,NaN
1528734780,19.78,19.8,19.78,19.8,NaN
1528734840,19.81,19.82,19.81,19.82,NaN
1528734900,19.86,19.86,19.84,19.84,NaN
1528734960,19.86,19.88,19.86,19.87,NaN
1528735020,19.9,19.91,19.89,19.91,NaN
1528735080,19.93,19.93,19.91,19.92,NaN
1528735140,19.93,19.93,19.92,19.93,NaN
1528735200,19.92,19.92,19.92,19.92,NaN
1528735260,19.91,19.96,19.91,19.93,NaN
1528735320,19.95,19.96,19.95,19.96,NaN
1528735380,19.95,19.96,19.95,19.96,NaN
1528735440,19.94,19.95,19.94,19.95,NaN
1528735500,19.94,19.95,19.93,19.95,NaN
1528735560,19.94,19.94,19.92,19.93,NaN
1528735620,19.94,19.94,19.91,19.92,NaN
1528735680,19.91,19.94,19.91,19.94,NaN
1528735740,19.97,19.98,19.97,19.98,NaN
1528735800,19.97,20,19.97,20,NaN
1528735860,20.02,20.04,20,20.04,NaN
1528735920,20.02,20.04,20.02,20.04,NaN
1528735980,20.02,20.03,20.02,20.03,NaN
1528736040,20.02,20.03,20.02,20.03,NaN
1528736100,20.02,20.06,20.02,20.05,NaN
1528736160,20.06,20.06,20.05,20.05,NaN
1528736220,20.07,20.09,20.07,20.09,NaN
1528736280,20.1,20.1,20.09,20.09,NaN
1528736340,20.08,20.09,20.08,20.08,NaN
1528736400,20.1,20.11,20.1,20.1,NaN
1528736460,20.08,20.08,20.08,20.08,NaN
1528736520,20.06,20.06,20.06,20.06,NaN
1528736580,20.07,20.07,20.06,20.06,NaN
1528736640,20.05,20.05,20.05,20.05,NaN
1528736700,20.06,20.06,20.05,20.06,NaN
1528736760,20.05,20.08,20.05,20.08,NaN
1528736820,20.1,20.1,20.08,20.09,NaN
1528736880,20.11,20.11,20.1,20.1,NaN
1528736940,20.11,20.11,20.1,20.1,NaN
1528737000,20.09,20.11,20.09,20.1,NaN
1528737060,20.09,20.1,20.09,20.1,NaN
1528737120,20.11,20.12,20.11,20.12,NaN
1528737180,20.13,20.14,20.11,20.14,NaN
1528737240,20.13,20.13,20.12,20.12,NaN
1528737300,20.13,20.13,20.12,20.13,NaN
1528737360,20.12,20.13,20.12,20.13,NaN
1528737420,20.11,20.15,20.11,20.14,NaN
1528737480,20.15,20.15,20.15,20.15,NaN
1528737540,20.14,20.15,20.14,20.15,NaN
1528737600,20.11,20.12,20.11,20.12,NaN
1528737660,20.13,20.13,20.12,20.12,NaN
1528737720,20.13,20.13,20.12,20.12,NaN
1528737780,20.13,20.13,20.1,20.1,NaN
1528737840,20.09,20.1,20.09,20.1,NaN
1528737900,20.11,20.11,20.1,20.1,NaN
1528737960,20.11,20.12,20.11,20.11,NaN
1528738020,20.1,20.1,20.1,20.1,NaN
1528738080,20.11,20.11,20.09,20.09,NaN
1528738140,20.1,20.1,20.09,20.09,NaN
1528738200,20.1,20.11,20.1,20.1,NaN
1528738260,20.12,20.12,20.11,20.11,NaN
1528738380,20.12,20.12,20.1,20.1,NaN
1528738440,20.09,20.11,20.09,20.11,NaN
1528738500,20.1,20.1,20.1,20.1,NaN
1528738560,20.11,20.12,20.11,20.12,NaN
1528738620,20.11,20.11,20.09,20.09,NaN
1528738680,20.1,20.1,20.09,20.1,NaN
1528738740,20.09,20.09,20.08,20.08,NaN
1528738800,20.06,20.06,20.05,20.05,NaN
1528738860,20.04,20.04,20.03,20.03,NaN
1528738920,20.04,20.05,20.03,20.05,NaN
1528738980,20.03,20.04,20.03,20.04,NaN
1528739040,20.03,20.03,20.03,20.03,NaN
1528739100,20.02,20.02,20.02,20.02,NaN
1528739160,20.01,20.02,19.99,19.99,NaN
1528739220,20,20,20,20,NaN
1528739280,19.99,19.99,19.99,19.99,NaN
1528739340,20,20,19.99,19.99,NaN
1528739400,20,20.01,19.99,19.99,NaN
1528739460,20,20,19.99,19.99,NaN
1528739520,19.98,19.98,19.97,19.97,NaN
1528739580,19.96,19.97,19.96,19.96,NaN
1528739640,19.98,20,19.97,20,NaN
1528739760,19.99,19.99,19.96,19.96,NaN
1528739880,19.97,19.98,19.96,19.96,NaN
1528739940,19.97,19.97,19.96,19.97,NaN
1528740000,19.96,19.97,19.96,19.97,NaN
1528740060,19.96,19.97,19.96,19.96,NaN
1528740120,19.97,19.97,19.96,19.96,NaN
1528740180,19.93,19.95,19.93,19.95,NaN
1528740240,19.93,19.93,19.92,19.92,NaN
1528740300,19.91,19.93,19.91,19.92,NaN
1528740360,19.93,19.93,19.92,19.93,NaN
1528740420,19.95,19.95,19.95,19.95,NaN
1528740480,19.94,19.98,19.94,19.98,NaN
1528740540,19.96,19.97,19.95,19.95,NaN
1528740600,19.96,19.97,19.96,19.97,NaN
1528740660,19.98,19.98,19.95,19.95,NaN
1528740720,19.9,19.91,19.89,19.89,NaN
1528740780,19.88,19.88,19.88,19.88,NaN
1528740840,19.86,19.87,19.83,19.83,NaN
1528810260,19.58,19.61,19.58,19.61,NaN
1528810320,19.62,19.64,19.6,19.64,NaN
1528810380,19.61,19.62,19.61,19.62,NaN
1528810440,19.6,19.6,19.56,19.6,NaN
1528810500,19.59,19.61,19.59,19.61,NaN
1528810560,19.6,19.6,19.6,19.6,NaN
1528810620,19.63,19.63,19.62,19.62,NaN
1528810680,19.59,19.59,19.59,19.59,NaN
1528810740,19.58,19.61,19.58,19.61,NaN
1528810800,19.59,19.61,19.59,19.61,NaN
1528810860,19.62,19.64,19.62,19.64,NaN
1528810920,19.65,19.68,19.65,19.68,NaN
1528810980,19.71,19.75,19.71,19.75,NaN
1528811040,19.77,19.84,19.77,19.83,NaN
1528811100,19.85,19.89,19.85,19.89,NaN
1528811160,19.91,19.92,19.91,19.92,NaN
1528811220,19.93,19.94,19.93,19.94,NaN
1528811280,19.95,19.97,19.95,19.97,NaN
1528811340,19.98,19.99,19.98,19.99,NaN
1528811400,19.98,19.99,19.98,19.99,NaN
1528811460,19.98,20,19.98,19.98,NaN
1528811520,20,20.02,19.98,19.98,NaN
1528811580,19.97,20.03,19.97,20.03,NaN
1528811640,20.04,20.04,20.03,20.03,NaN
1528811700,20.02,20.03,20.02,20.03,NaN
1528811760,20.01,20.06,20.01,20.06,NaN
1528811820,20.07,20.07,20.06,20.06,NaN
1528811880,20.08,20.09,20.08,20.08,NaN
1528811940,20.07,20.08,20.07,20.08,NaN
1528812000,20.09,20.09,20.08,20.09,NaN
1528812060,20.11,20.11,20.11,20.11,NaN
1528812120,20.12,20.12,20.06,20.06,NaN
1528812180,20.07,20.09,20.06,20.06,NaN
1528812240,20.07,20.07,20.04,20.04,NaN
1528812300,20.03,20.04,20.02,20.02,NaN
1528812360,20.01,20.01,19.98,19.98,NaN
1528812420,19.97,19.98,19.97,19.97,NaN
1528812480,19.98,19.98,19.98,19.98,NaN
1528812540,19.97,19.97,19.96,19.96,NaN
1528812600,19.97,19.99,19.97,19.97,NaN
1528812660,19.96,19.96,19.93,19.93,NaN
1528812720,19.95,19.95,19.94,19.94,NaN
1528812780,19.93,19.93,19.93,19.93,NaN
1528812840,19.92,20.01,19.92,20.01,NaN
1528812900,20.04,20.04,20.04,20.04,NaN
1528812960,20.06,20.09,20.06,20.09,NaN
1528813020,20.1,20.11,20.1,20.11,NaN
1528813080,20.1,20.13,20.1,20.11,NaN
1528813140,20.12,20.12,20.12,20.12,NaN
1528813200,20.13,20.13,20.12,20.12,NaN
1528813260,20.11,20.12,20.11,20.12,NaN
1528813320,20.11,20.12,20.11,20.12,NaN
1528813380,20.11,20.11,20.08,20.08,NaN
1528813440,20.1,20.1,20.08,20.08,NaN
1528813500,20.09,20.09,20.07,20.07,NaN
1528813560,20.06,20.1,20.06,20.1,NaN
1528813620,20.06,20.08,20.06,20.08,NaN
1528813680,20.09,20.09,20.07,20.07,NaN
1528813740,20.09,20.09,20.08,20.08,NaN
1528813800,20.09,20.12,20.09,20.12,NaN
1528813860,20.13,20.13,20.13,20.13,NaN
1528813920,20.14,20.15,20.14,20.14,NaN
1528813980,20.16,20.17,20.16,20.17,NaN
1528814040,20.19,20.21,20.19,20.21,NaN
1528814100,20.22,20.23,20.22,20.23,NaN
1528814160,20.26,20.29,20.26,20.28,NaN
1528814220,20.32,20.33,20.32,20.33,NaN
1528814280,20.37,20.38,20.36,20.38,NaN
1528814340,20.39,20.4,20.38,20.38,NaN
1528814400,20.39,20.39,20.37,20.38,NaN
1528814460,20.37,20.37,20.36,20.36,NaN
1528814520,20.35,20.36,20.35,20.35,NaN
1528814580,20.36,20.36,20.34,20.34,NaN
1528814640,20.35,20.36,20.34,20.36,NaN
1528814700,20.35,20.35,20.34,20.35,NaN
1528814760,20.34,20.34,20.33,20.34,NaN
1528814820,20.35,20.35,20.31,20.31,NaN
1528814880,20.32,20.32,20.3,20.3,NaN
1528814940,20.28,20.29,20.28,20.28,NaN
1528815000,20.27,20.27,20.25,20.25,NaN
1528815060,20.23,20.23,20.13,20.23,NaN
1528815120,20.24,20.24,20.23,20.23,NaN
1528815180,20.24,20.24,20.23,20.24,NaN
1528815240,20.25,20.26,20.25,20.26,NaN
1528815300,20.27,20.27,20.26,20.26,NaN
1528815360,20.27,20.29,20.27,20.29,NaN
1528815480,20.28,20.28,20.26,20.26,NaN
1528815540,20.27,20.27,20.25,20.25,NaN
1528815600,20.24,20.26,20.24,20.26,NaN
1528815660,20.21,20.22,20.21,20.22,NaN
1528815720,20.2,20.21,20.18,20.18,NaN
1528815780,20.16,20.17,20.14,20.14,NaN
1528815840,20.11,20.11,20.08,20.08,NaN
1528815900,20.07,20.07,20.06,20.07,NaN
1528815960,20.08,20.08,20.06,20.07,NaN
1528816020,20.09,20.1,20.09,20.1,NaN
1528816080,20.08,20.09,20.08,20.08,NaN
1528816140,20.1,20.1,20.08,20.08,NaN
1528816200,20.1,20.1,20.1,20.1,NaN
1528816260,20.08,20.1,20.08,20.1,NaN
1528816320,20.08,20.1,20.08,20.09,NaN
1528816380,20.03,20.03,20,20,NaN
1528816440,20.02,20.02,20.01,20.01,NaN
1528816500,20,20,19.96,19.96,NaN
1528816560,19.97,19.97,19.94,19.95,NaN
1528816620,19.97,19.97,19.96,19.96,NaN
1528816680,19.98,19.98,19.96,19.98,NaN
1528816740,19.96,19.98,19.96,19.96,NaN
1528816800,19.97,19.97,19.95,19.96,NaN
1528816860,19.97,19.99,19.97,19.99,NaN
1528816920,20,20,19.99,19.99,NaN
1528816980,20.02,20.02,20.01,20.01,NaN
1528817040,20,20.02,20,20.02,NaN
1528817100,20.03,20.05,20.03,20.04,NaN
1528817160,20.05,20.05,20.04,20.04,NaN
1528817220,20.05,20.06,20.05,20.06,NaN
1528817280,20.05,20.05,20.03,20.03,NaN
1528817340,20.02,20.02,20.02,20.02,NaN
1528817400,20.01,20.01,19.99,19.99,NaN
1528817460,20,20,19.98,19.98,NaN
1528817520,19.99,20,19.99,20,NaN
1528817580,19.99,19.99,19.98,19.99,NaN
1528817640,19.98,19.99,19.98,19.99,NaN
1528817700,19.98,19.98,19.98,19.98,NaN
1528817760,19.99,19.99,19.97,19.98,NaN
1528817880,19.97,19.98,19.97,19.98,NaN
1528817940,19.97,19.98,19.97,19.98,NaN
1528818000,19.96,19.96,19.95,19.95,NaN
1528818060,19.96,19.98,19.95,19.98,NaN
1528818120,19.95,19.96,19.95,19.95,NaN
1528818180,19.94,19.95,19.93,19.93,NaN
1528818240,19.95,19.95,19.95,19.95,NaN
1528818300,19.93,19.93,19.89,19.9,NaN
1528818360,19.91,19.92,19.91,19.91,NaN
1528818420,19.9,19.91,19.89,19.91,NaN
1528818480,19.9,19.91,19.9,19.9,NaN
1528818540,19.89,19.9,19.89,19.89,NaN
1528818600,19.91,19.92,19.91,19.92,NaN
1528818660,19.93,19.93,19.92,19.93,NaN
1528818720,19.92,19.97,19.92,19.97,NaN
1528818780,19.96,19.97,19.95,19.97,NaN
1528818840,19.93,19.93,19.91,19.91,NaN
1528818900,19.9,19.91,19.89,19.9,NaN
1528818960,19.88,19.89,19.88,19.88,NaN
1528819020,19.89,19.89,19.88,19.89,NaN
1528819080,19.88,19.88,19.83,19.84,NaN
1528819140,19.72,19.73,16.48,16.48,NaN
1528819200,16.47,19.64,16.31,19.64,NaN
1528819260,19.56,19.56,19.38,19.38,NaN
1528819320,19.31,19.45,19.2,19.45,NaN
1528819380,19.17,19.35,19.17,19.35,NaN
1528819440,19.33,19.36,19.32,19.32,NaN
1528819500,19.3,19.32,19.25,19.32,NaN
1528819560,19.31,19.36,19.31,19.31,NaN
1528819620,19.36,19.41,19.36,19.41,NaN
1528819680,19.37,19.43,19.37,19.4,NaN
1528819740,19.44,19.44,19.38,19.38,NaN
1528819800,19.39,19.44,19.39,19.42,NaN
1528819860,19.39,19.44,19.39,19.44,NaN
1528819920,19.45,19.5,19.45,19.49,NaN
1528819980,19.5,19.5,19.46,19.5,NaN
1528820040,19.53,19.56,19.51,19.56,NaN
1528820100,19.59,19.63,19.59,19.63,NaN
1528820160,19.64,19.68,19.64,19.67,NaN
1528820220,19.69,19.71,19.66,19.71,NaN
1528820280,19.67,19.73,19.67,19.73,NaN
1528820340,19.76,19.82,19.76,19.81,NaN
1528820400,19.8,19.84,19.8,19.84,NaN
1528820460,19.87,19.87,19.84,19.86,NaN
1528820520,19.84,19.85,19.84,19.85,NaN
1528820580,19.86,19.87,19.84,19.84,NaN
1528820640,19.86,19.86,19.84,19.85,NaN
1528820700,19.87,19.9,19.87,19.9,NaN
1528820760,19.91,19.91,19.88,19.89,NaN
1528820820,19.88,19.9,19.88,19.9,NaN
1528820880,19.89,19.9,19.89,19.9,NaN
1528820940,19.88,19.89,19.86,19.86,NaN
1528821000,19.89,19.89,19.84,19.84,NaN
1528821060,19.82,19.84,19.8,19.83,NaN
1528821120,19.81,19.81,19.78,19.78,NaN
1528821180,19.75,19.78,19.75,19.78,NaN
1528821240,19.76,19.77,19.76,19.77,NaN
1528821300,19.75,19.8,19.75,19.79,NaN
1528821360,19.78,19.78,19.76,19.76,NaN
1528821420,19.75,19.76,19.75,19.75,NaN
1528821480,19.73,19.79,19.73,19.79,NaN
1528821540,19.78,19.8,19.78,19.78,NaN
1528821600,19.77,19.77,19.76,19.77,NaN
1528821660,19.75,19.76,19.75,19.76,NaN
1528821720,19.75,19.77,19.75,19.77,NaN
1528821780,19.75,19.76,19.75,19.75,NaN
1528821840,19.76,19.76,19.74,19.74,NaN
1528821900,19.76,19.76,19.75,19.76,NaN
1528821960,19.77,19.77,19.77,19.77,NaN
1528822020,19.78,19.78,19.76,19.76,NaN
1528822080,19.75,19.76,19.75,19.75,NaN
1528822140,19.76,19.76,19.74,19.74,NaN
1528822200,19.76,19.76,19.75,19.75,NaN
1528822260,19.74,19.74,19.74,19.74,NaN
1528822320,19.73,19.73,19.72,19.73,NaN
1528822380,19.72,19.72,19.71,19.71,NaN
1528822440,19.73,19.73,19.71,19.73,NaN
1528822500,19.72,19.73,19.69,19.69,NaN
1528822560,19.71,19.71,19.69,19.69,NaN
1528822620,19.68,19.69,19.68,19.68,NaN
1528822680,19.7,19.7,19.7,19.7,NaN
1528822740,19.69,19.69,19.68,19.69,NaN
1528822800,19.68,19.69,19.67,19.69,NaN
1528822860,19.68,19.68,19.65,19.65,NaN
1528822920,19.66,19.66,19.65,19.65,NaN
1528822980,19.66,19.66,19.6,19.63,NaN
1528823040,19.64,19.64,19.62,19.63,NaN
1528823100,19.62,19.64,19.62,19.63,NaN
1528823160,19.61,19.62,19.59,19.59,NaN
1528823220,19.58,19.61,19.58,19.59,NaN
1528823280,19.6,19.6,19.59,19.6,NaN
1528823340,19.61,19.62,19.59,19.6,NaN
1528823400,19.61,19.61,19.6,19.61,NaN
1528823460,19.62,19.62,19.6,19.6,NaN
1528823520,19.59,19.59,19.56,19.56,NaN
1528823580,19.53,19.53,19.52,19.52,NaN
1528823640,19.5,19.5,19.5,19.5,NaN
1528823700,19.51,19.52,19.51,19.52,NaN
1528823760,19.53,19.54,19.53,19.54,NaN
1528823820,19.53,19.53,19.53,19.53,NaN
1528823880,19.56,19.56,19.55,19.55,NaN
1528823940,19.5,19.54,19.5,19.54,NaN
1528824000,19.51,19.51,19.5,19.5,NaN
1528824060,19.53,19.53,19.5,19.5,NaN
1528824120,19.53,19.56,19.53,19.56,NaN
1528824180,19.57,19.57,19.56,19.57,NaN
1528824240,19.55,19.57,19.55,19.57,NaN
1528824300,19.56,19.57,19.55,19.56,NaN
1528824360,19.58,19.58,19.56,19.58,NaN
1528824420,19.57,19.58,19.57,19.58,NaN
1528824480,19.57,19.58,19.57,19.58,NaN
1528824540,19.57,19.58,19.57,19.57,NaN
1528824600,19.55,19.57,19.55,19.57,NaN
1528824660,19.48,19.54,19.48,19.54,NaN
1528824720,19.55,19.55,19.54,19.55,NaN
1528824780,19.57,19.57,19.56,19.57,NaN
1528824840,19.56,19.58,19.56,19.58,NaN
1528824900,19.57,19.57,19.56,19.56,NaN
1528824960,19.55,19.58,19.55,19.58,NaN
1528825020,19.57,19.59,19.57,19.57,NaN
1528825080,19.55,19.57,19.55,19.57,NaN
1528825140,19.56,19.56,19.56,19.56,NaN
1528825200,19.57,19.57,19.55,19.55,NaN
1528825260,19.58,19.58,19.57,19.57,NaN
1528825320,19.58,19.58,19.56,19.56,NaN
1528825380,19.59,19.59,19.54,19.54,NaN
1528825440,19.55,19.57,19.55,19.57,NaN
1528825500,19.58,19.59,19.56,19.56,NaN
1528825560,19.59,19.59,19.56,19.56,NaN
1528825620,19.57,19.58,19.55,19.58,NaN
1528825680,19.59,19.59,19.58,19.58,NaN
1528825740,19.6,19.61,19.6,19.6,NaN
1528825800,19.61,19.62,19.61,19.61,NaN
1528825860,19.63,19.65,19.63,19.65,NaN
1528825920,19.64,19.65,19.64,19.65,NaN
1528825980,19.63,19.66,19.63,19.66,NaN
1528826040,19.65,19.66,19.65,19.66,NaN
1528826100,19.68,19.68,19.66,19.66,NaN
1528826160,19.65,19.65,19.64,19.64,NaN
1528826220,19.63,19.63,19.6,19.6,NaN
1528826280,19.62,19.62,19.59,19.59,NaN
1528826340,19.58,19.58,19.55,19.58,NaN
1528826400,19.57,19.59,19.57,19.58,NaN
1528826460,19.6,19.63,19.6,19.63,NaN
1528826520,19.68,19.68,19.65,19.65,NaN
1528826580,19.63,19.64,19.63,19.64,NaN
1528826640,19.65,19.65,19.63,19.64,NaN
1528826700,19.66,19.7,19.66,19.7,NaN
1528826760,19.72,19.73,19.7,19.7,NaN
1528826820,19.71,19.72,19.71,19.71,NaN
1528826880,19.7,19.71,19.69,19.69,NaN
1528826940,19.7,19.71,19.7,19.71,NaN
1528827000,19.69,19.73,19.69,19.73,NaN
1528827060,19.72,19.72,19.69,19.69,NaN
1528827120,19.73,19.73,19.66,19.67,NaN
1528827180,19.66,19.67,19.66,19.67,NaN
1528827240,19.69,19.69,19.67,19.67,NaN